index,timestamp_utc,value,is_nan,channel_Id_raw,channel_Id_decoded
0,2026-05-18T14:53:20Z,5076.328613,false,tc-08.DEMO%7C123.ch1,tc-08.DEMO|123.ch1
1,2026-05-18T14:53:21Z,5047.907227,false,tc-08.DEMO%7C123.ch1,tc-08.DEMO|123.ch1
2,2026-05-18T14:53:22Z,4989.262695,false,tc-08.DEMO%7C123.ch1,tc-08.DEMO|123.ch1
3,2026-05-18T14:53:23Z,5004.179199,false,tc-08.DEMO%7C123.ch1,tc-08.DEMO|123.ch1
4,2026-05-18T14:53:24Z,5015.407715,false,tc-08.DEMO%7C123.ch1,tc-08.DEMO|123.ch1
5,2026-05-18T14:53:25Z,5007.468750,false,tc-08.DEMO%7C123.ch1,tc-08.DEMO|123.ch1
6,2026-05-18T14:53:26Z,5082.191406,false,tc-08.DEMO%7C123.ch1,tc-08.DEMO|123.ch1
7,2026-05-18T14:53:27Z,5112.849609,false,tc-08.DEMO%7C123.ch1,tc-08.DEMO|123.ch1
8,2026-05-18T14:53:28Z,5192.250977,false,tc-08.DEMO%7C123.ch1,tc-08.DEMO|123.ch1
9,2026-05-18T14:53:29Z,5172.104492,false,tc-08.DEMO%7C123.ch1,tc-08.DEMO|123.ch1
10,2026-05-18T14:53:30Z,5148.950684,false,tc-08.DEMO%7C123.ch1,tc-08.DEMO|123.ch1
11,2026-05-18T14:53:31Z,5131.602539,false,tc-08.DEMO%7C123.ch1,tc-08.DEMO|123.ch1
12,2026-05-18T14:53:32Z,5213.674805,false,tc-08.DEMO%7C123.ch1,tc-08.DEMO|123.ch1
13,2026-05-18T14:53:33Z,5140.883301,false,tc-08.DEMO%7C123.ch1,tc-08.DEMO|123.ch1
14,2026-05-18T14:53:34Z,5134.335449,false,tc-08.DEMO%7C123.ch1,tc-08.DEMO|123.ch1
15,2026-05-18T14:53:35Z,5153.539063,false,tc-08.DEMO%7C123.ch1,tc-08.DEMO|123.ch1
16,2026-05-18T14:53:36Z,5108.361328,false,tc-08.DEMO%7C123.ch1,tc-08.DEMO|123.ch1
17,2026-05-18T14:53:37Z,4956.387207,false,tc-08.DEMO%7C123.ch1,tc-08.DEMO|123.ch1
18,2026-05-18T14:53:38Z,4970.687012,false,tc-08.DEMO%7C123.ch1,tc-08.DEMO|123.ch1
19,2026-05-18T14:53:39Z,4925.905273,false,tc-08.DEMO%7C123.ch1,tc-08.DEMO|123.ch1
20,2026-05-18T14:53:40Z,4815.161621,false,tc-08.DEMO%7C123.ch1,tc-08.DEMO|123.ch1
21,2026-05-18T14:53:41Z,4808.949219,false,tc-08.DEMO%7C123.ch1,tc-08.DEMO|123.ch1
22,2026-05-18T14:53:42Z,4747.702637,false,tc-08.DEMO%7C123.ch1,tc-08.DEMO|123.ch1
23,2026-05-18T14:53:43Z,4693.067383,false,tc-08.DEMO%7C123.ch1,tc-08.DEMO|123.ch1
24,2026-05-18T14:53:44Z,4711.086914,false,tc-08.DEMO%7C123.ch1,tc-08.DEMO|123.ch1
25,2026-05-18T14:53:45Z,4696.549805,false,tc-08.DEMO%7C123.ch1,tc-08.DEMO|123.ch1
26,2026-05-18T14:53:46Z,4659.911133,false,tc-08.DEMO%7C123.ch1,tc-08.DEMO|123.ch1
27,2026-05-18T14:53:47Z,4615.228027,false,tc-08.DEMO%7C123.ch1,tc-08.DEMO|123.ch1
28,2026-05-18T14:53:48Z,4784.203125,false,tc-08.DEMO%7C123.ch1,tc-08.DEMO|123.ch1
29,2026-05-18T14:53:49Z,4833.964355,false,tc-08.DEMO%7C123.ch1,tc-08.DEMO|123.ch1
30,2026-05-18T14:53:50Z,4854.103516,false,tc-08.DEMO%7C123.ch1,tc-08.DEMO|123.ch1
31,2026-05-18T14:53:51Z,4827.561035,false,tc-08.DEMO%7C123.ch1,tc-08.DEMO|123.ch1
32,2026-05-18T14:53:52Z,4871.001953,false,tc-08.DEMO%7C123.ch1,tc-08.DEMO|123.ch1
33,2026-05-18T14:53:53Z,4832.964355,false,tc-08.DEMO%7C123.ch1,tc-08.DEMO|123.ch1
34,2026-05-18T14:53:54Z,4845.426270,false,tc-08.DEMO%7C123.ch1,tc-08.DEMO|123.ch1
35,2026-05-18T14:53:55Z,4834.751465,false,tc-08.DEMO%7C123.ch1,tc-08.DEMO|123.ch1
36,2026-05-18T14:53:56Z,4851.071289,false,tc-08.DEMO%7C123.ch1,tc-08.DEMO|123.ch1
37,2026-05-18T14:53:57Z,4901.770508,false,tc-08.DEMO%7C123.ch1,tc-08.DEMO|123.ch1
38,2026-05-18T14:53:58Z,4921.843750,false,tc-08.DEMO%7C123.ch1,tc-08.DEMO|123.ch1
39,2026-05-18T14:53:59Z,4853.963379,false,tc-08.DEMO%7C123.ch1,tc-08.DEMO|123.ch1
40,2026-05-18T14:54:00Z,4838.102539,false,tc-08.DEMO%7C123.ch1,tc-08.DEMO|123.ch1
41,2026-05-18T14:54:01Z,4800.915527,false,tc-08.DEMO%7C123.ch1,tc-08.DEMO|123.ch1
42,2026-05-18T14:54:02Z,4849.354492,false,tc-08.DEMO%7C123.ch1,tc-08.DEMO|123.ch1
43,2026-05-18T14:54:03Z,4843.769043,false,tc-08.DEMO%7C123.ch1,tc-08.DEMO|123.ch1
44,2026-05-18T14:54:04Z,4840.926270,false,tc-08.DEMO%7C123.ch1,tc-08.DEMO|123.ch1
45,2026-05-18T14:54:05Z,4858.385742,false,tc-08.DEMO%7C123.ch1,tc-08.DEMO|123.ch1
46,2026-05-18T14:54:06Z,4928.912109,false,tc-08.DEMO%7C123.ch1,tc-08.DEMO|123.ch1
47,2026-05-18T14:54:07Z,4952.688477,false,tc-08.DEMO%7C123.ch1,tc-08.DEMO|123.ch1
48,2026-05-18T14:54:08Z,4936.477539,false,tc-08.DEMO%7C123.ch1,tc-08.DEMO|123.ch1
49,2026-05-18T14:54:09Z,4919.137207,false,tc-08.DEMO%7C123.ch1,tc-08.DEMO|123.ch1
50,2026-05-18T14:54:10Z,4918.033691,false,tc-08.DEMO%7C123.ch1,tc-08.DEMO|123.ch1
51,2026-05-18T14:54:11Z,4938.809082,false,tc-08.DEMO%7C123.ch1,tc-08.DEMO|123.ch1
52,2026-05-18T14:54:12Z,4976.333008,false,tc-08.DEMO%7C123.ch1,tc-08.DEMO|123.ch1
53,2026-05-18T14:54:13Z,5094.768555,false,tc-08.DEMO%7C123.ch1,tc-08.DEMO|123.ch1
54,2026-05-18T14:54:14Z,5088.248047,false,tc-08.DEMO%7C123.ch1,tc-08.DEMO|123.ch1
55,2026-05-18T14:54:15Z,5115.441895,false,tc-08.DEMO%7C123.ch1,tc-08.DEMO|123.ch1
56,2026-05-18T14:54:16Z,5106.792480,false,tc-08.DEMO%7C123.ch1,tc-08.DEMO|123.ch1
57,2026-05-18T14:54:17Z,5061.223145,false,tc-08.DEMO%7C123.ch1,tc-08.DEMO|123.ch1
58,2026-05-18T14:54:18Z,5076.619141,false,tc-08.DEMO%7C123.ch1,tc-08.DEMO|123.ch1
59,2026-05-18T14:54:19Z,5090.601074,false,tc-08.DEMO%7C123.ch1,tc-08.DEMO|123.ch1
60,2026-05-18T14:54:20Z,5127.520996,false,tc-08.DEMO%7C123.ch1,tc-08.DEMO|123.ch1
61,2026-05-18T14:54:21Z,5141.895508,false,tc-08.DEMO%7C123.ch1,tc-08.DEMO|123.ch1
62,2026-05-18T14:54:22Z,5157.013672,false,tc-08.DEMO%7C123.ch1,tc-08.DEMO|123.ch1
63,2026-05-18T14:54:23Z,5149.839844,false,tc-08.DEMO%7C123.ch1,tc-08.DEMO|123.ch1
64,2026-05-18T14:54:24Z,5072.011230,false,tc-08.DEMO%7C123.ch1,tc-08.DEMO|123.ch1
65,2026-05-18T14:54:25Z,5097.945801,false,tc-08.DEMO%7C123.ch1,tc-08.DEMO|123.ch1
66,2026-05-18T14:54:26Z,5051.520020,false,tc-08.DEMO%7C123.ch1,tc-08.DEMO|123.ch1
67,2026-05-18T14:54:27Z,5074.560547,false,tc-08.DEMO%7C123.ch1,tc-08.DEMO|123.ch1
68,2026-05-18T14:54:28Z,5113.729492,false,tc-08.DEMO%7C123.ch1,tc-08.DEMO|123.ch1
69,2026-05-18T14:54:29Z,5135.812500,false,tc-08.DEMO%7C123.ch1,tc-08.DEMO|123.ch1
70,2026-05-18T14:54:30Z,5186.265137,false,tc-08.DEMO%7C123.ch1,tc-08.DEMO|123.ch1
71,2026-05-18T14:54:31Z,5189.698730,false,tc-08.DEMO%7C123.ch1,tc-08.DEMO|123.ch1
72,2026-05-18T14:54:32Z,5226.871094,false,tc-08.DEMO%7C123.ch1,tc-08.DEMO|123.ch1
73,2026-05-18T14:54:33Z,5232.560059,false,tc-08.DEMO%7C123.ch1,tc-08.DEMO|123.ch1
74,2026-05-18T14:54:34Z,5224.856934,false,tc-08.DEMO%7C123.ch1,tc-08.DEMO|123.ch1
75,2026-05-18T14:54:35Z,5105.833008,false,tc-08.DEMO%7C123.ch1,tc-08.DEMO|123.ch1
76,2026-05-18T14:54:36Z,5112.466309,false,tc-08.DEMO%7C123.ch1,tc-08.DEMO|123.ch1
77,2026-05-18T14:54:37Z,5065.383789,false,tc-08.DEMO%7C123.ch1,tc-08.DEMO|123.ch1
78,2026-05-18T14:54:38Z,5039.905762,false,tc-08.DEMO%7C123.ch1,tc-08.DEMO|123.ch1
79,2026-05-18T14:54:39Z,4984.882324,false,tc-08.DEMO%7C123.ch1,tc-08.DEMO|123.ch1
80,2026-05-18T14:54:40Z,4944.794922,false,tc-08.DEMO%7C123.ch1,tc-08.DEMO|123.ch1
81,2026-05-18T14:54:41Z,4954.811523,false,tc-08.DEMO%7C123.ch1,tc-08.DEMO|123.ch1
82,2026-05-18T14:54:42Z,4975.676758,false,tc-08.DEMO%7C123.ch1,tc-08.DEMO|123.ch1
83,2026-05-18T14:54:43Z,4927.215332,false,tc-08.DEMO%7C123.ch1,tc-08.DEMO|123.ch1
84,2026-05-18T14:54:44Z,4962.288574,false,tc-08.DEMO%7C123.ch1,tc-08.DEMO|123.ch1
85,2026-05-18T14:54:45Z,4951.111328,false,tc-08.DEMO%7C123.ch1,tc-08.DEMO|123.ch1
86,2026-05-18T14:54:46Z,4933.433594,false,tc-08.DEMO%7C123.ch1,tc-08.DEMO|123.ch1
87,2026-05-18T14:54:47Z,4952.028320,false,tc-08.DEMO%7C123.ch1,tc-08.DEMO|123.ch1
88,2026-05-18T14:54:48Z,4951.016602,false,tc-08.DEMO%7C123.ch1,tc-08.DEMO|123.ch1
89,2026-05-18T14:54:49Z,4917.825195,false,tc-08.DEMO%7C123.ch1,tc-08.DEMO|123.ch1
90,2026-05-18T14:54:50Z,4929.119629,false,tc-08.DEMO%7C123.ch1,tc-08.DEMO|123.ch1
91,2026-05-18T14:54:51Z,4925.739746,false,tc-08.DEMO%7C123.ch1,tc-08.DEMO|123.ch1
92,2026-05-18T14:54:52Z,4902.321777,false,tc-08.DEMO%7C123.ch1,tc-08.DEMO|123.ch1
93,2026-05-18T14:54:53Z,4905.176270,false,tc-08.DEMO%7C123.ch1,tc-08.DEMO|123.ch1
94,2026-05-18T14:54:54Z,4779.213867,false,tc-08.DEMO%7C123.ch1,tc-08.DEMO|123.ch1
95,2026-05-18T14:54:55Z,4800.586426,false,tc-08.DEMO%7C123.ch1,tc-08.DEMO|123.ch1
96,2026-05-18T14:54:56Z,4882.041016,false,tc-08.DEMO%7C123.ch1,tc-08.DEMO|123.ch1
97,2026-05-18T14:54:57Z,4886.260742,false,tc-08.DEMO%7C123.ch1,tc-08.DEMO|123.ch1
98,2026-05-18T14:54:58Z,4891.295410,false,tc-08.DEMO%7C123.ch1,tc-08.DEMO|123.ch1
99,2026-05-18T14:54:59Z,4928.968750,false,tc-08.DEMO%7C123.ch1,tc-08.DEMO|123.ch1
100,2026-05-18T14:55:00Z,4906.393066,false,tc-08.DEMO%7C123.ch1,tc-08.DEMO|123.ch1
101,2026-05-18T14:55:01Z,4952.663574,false,tc-08.DEMO%7C123.ch1,tc-08.DEMO|123.ch1
102,2026-05-18T14:55:02Z,4996.460938,false,tc-08.DEMO%7C123.ch1,tc-08.DEMO|123.ch1
103,2026-05-18T14:55:03Z,5013.989746,false,tc-08.DEMO%7C123.ch1,tc-08.DEMO|123.ch1
104,2026-05-18T14:55:04Z,4984.845215,false,tc-08.DEMO%7C123.ch1,tc-08.DEMO|123.ch1
105,2026-05-18T14:55:05Z,4965.377441,false,tc-08.DEMO%7C123.ch1,tc-08.DEMO|123.ch1
106,2026-05-18T14:55:06Z,4994.947266,false,tc-08.DEMO%7C123.ch1,tc-08.DEMO|123.ch1
107,2026-05-18T14:55:07Z,5007.911133,false,tc-08.DEMO%7C123.ch1,tc-08.DEMO|123.ch1
108,2026-05-18T14:55:08Z,5015.142578,false,tc-08.DEMO%7C123.ch1,tc-08.DEMO|123.ch1
109,2026-05-18T14:55:09Z,4994.768555,false,tc-08.DEMO%7C123.ch1,tc-08.DEMO|123.ch1
110,2026-05-18T14:55:10Z,5041.224609,false,tc-08.DEMO%7C123.ch1,tc-08.DEMO|123.ch1
111,2026-05-18T14:55:11Z,5058.539551,false,tc-08.DEMO%7C123.ch1,tc-08.DEMO|123.ch1
112,2026-05-18T14:55:12Z,5078.823242,false,tc-08.DEMO%7C123.ch1,tc-08.DEMO|123.ch1
113,2026-05-18T14:55:13Z,5069.103027,false,tc-08.DEMO%7C123.ch1,tc-08.DEMO|123.ch1
114,2026-05-18T14:55:14Z,5018.593750,false,tc-08.DEMO%7C123.ch1,tc-08.DEMO|123.ch1
115,2026-05-18T14:55:15Z,5070.333984,false,tc-08.DEMO%7C123.ch1,tc-08.DEMO|123.ch1
116,2026-05-18T14:55:16Z,5039.839355,false,tc-08.DEMO%7C123.ch1,tc-08.DEMO|123.ch1
117,2026-05-18T14:55:17Z,5064.923828,false,tc-08.DEMO%7C123.ch1,tc-08.DEMO|123.ch1
118,2026-05-18T14:55:18Z,5071.535645,false,tc-08.DEMO%7C123.ch1,tc-08.DEMO|123.ch1
119,2026-05-18T14:55:19Z,5008.838379,false,tc-08.DEMO%7C123.ch1,tc-08.DEMO|123.ch1
120,2026-05-18T14:55:20Z,5006.323242,false,tc-08.DEMO%7C123.ch1,tc-08.DEMO|123.ch1
121,2026-05-18T14:55:21Z,5072.586426,false,tc-08.DEMO%7C123.ch1,tc-08.DEMO|123.ch1
122,2026-05-18T14:55:22Z,5005.901855,false,tc-08.DEMO%7C123.ch1,tc-08.DEMO|123.ch1
123,2026-05-18T14:55:23Z,5028.160645,false,tc-08.DEMO%7C123.ch1,tc-08.DEMO|123.ch1
124,2026-05-18T14:55:24Z,5012.866211,false,tc-08.DEMO%7C123.ch1,tc-08.DEMO|123.ch1
125,2026-05-18T14:55:25Z,4993.172363,false,tc-08.DEMO%7C123.ch1,tc-08.DEMO|123.ch1
126,2026-05-18T14:55:26Z,4993.065430,false,tc-08.DEMO%7C123.ch1,tc-08.DEMO|123.ch1
127,2026-05-18T14:55:27Z,5052.114746,false,tc-08.DEMO%7C123.ch1,tc-08.DEMO|123.ch1
128,2026-05-18T14:55:28Z,5065.728516,false,tc-08.DEMO%7C123.ch1,tc-08.DEMO|123.ch1
129,2026-05-18T14:55:29Z,5074.872070,false,tc-08.DEMO%7C123.ch1,tc-08.DEMO|123.ch1
130,2026-05-18T14:55:30Z,5131.440918,false,tc-08.DEMO%7C123.ch1,tc-08.DEMO|123.ch1
131,2026-05-18T14:55:31Z,5162.912598,false,tc-08.DEMO%7C123.ch1,tc-08.DEMO|123.ch1
132,2026-05-18T14:55:32Z,5208.952148,false,tc-08.DEMO%7C123.ch1,tc-08.DEMO|123.ch1
133,2026-05-18T14:55:33Z,5232.935547,false,tc-08.DEMO%7C123.ch1,tc-08.DEMO|123.ch1
134,2026-05-18T14:55:34Z,5186.299316,false,tc-08.DEMO%7C123.ch1,tc-08.DEMO|123.ch1
135,2026-05-18T14:55:35Z,5165.760742,false,tc-08.DEMO%7C123.ch1,tc-08.DEMO|123.ch1
136,2026-05-18T14:55:36Z,5153.342285,false,tc-08.DEMO%7C123.ch1,tc-08.DEMO|123.ch1
137,2026-05-18T14:55:37Z,5116.796875,false,tc-08.DEMO%7C123.ch1,tc-08.DEMO|123.ch1
138,2026-05-18T14:55:38Z,5117.604492,false,tc-08.DEMO%7C123.ch1,tc-08.DEMO|123.ch1
139,2026-05-18T14:55:39Z,5121.315918,false,tc-08.DEMO%7C123.ch1,tc-08.DEMO|123.ch1
140,2026-05-18T14:55:40Z,5203.524414,false,tc-08.DEMO%7C123.ch1,tc-08.DEMO|123.ch1
141,2026-05-18T14:55:41Z,5150.428223,false,tc-08.DEMO%7C123.ch1,tc-08.DEMO|123.ch1
142,2026-05-18T14:55:42Z,5172.332520,false,tc-08.DEMO%7C123.ch1,tc-08.DEMO|123.ch1
143,2026-05-18T14:55:43Z,5082.083496,false,tc-08.DEMO%7C123.ch1,tc-08.DEMO|123.ch1
144,2026-05-18T14:55:44Z,5064.478516,false,tc-08.DEMO%7C123.ch1,tc-08.DEMO|123.ch1
145,2026-05-18T14:55:45Z,5052.864258,false,tc-08.DEMO%7C123.ch1,tc-08.DEMO|123.ch1
146,2026-05-18T14:55:46Z,5044.687988,false,tc-08.DEMO%7C123.ch1,tc-08.DEMO|123.ch1
147,2026-05-18T14:55:47Z,4972.863281,false,tc-08.DEMO%7C123.ch1,tc-08.DEMO|123.ch1
148,2026-05-18T14:55:48Z,4987.423340,false,tc-08.DEMO%7C123.ch1,tc-08.DEMO|123.ch1
149,2026-05-18T14:55:49Z,4983.969238,false,tc-08.DEMO%7C123.ch1,tc-08.DEMO|123.ch1
150,2026-05-18T14:55:50Z,4945.182129,false,tc-08.DEMO%7C123.ch1,tc-08.DEMO|123.ch1
151,2026-05-18T14:55:51Z,4978.332031,false,tc-08.DEMO%7C123.ch1,tc-08.DEMO|123.ch1
152,2026-05-18T14:55:52Z,4855.438477,false,tc-08.DEMO%7C123.ch1,tc-08.DEMO|123.ch1
153,2026-05-18T14:55:53Z,4838.301758,false,tc-08.DEMO%7C123.ch1,tc-08.DEMO|123.ch1
154,2026-05-18T14:55:54Z,4917.232910,false,tc-08.DEMO%7C123.ch1,tc-08.DEMO|123.ch1
155,2026-05-18T14:55:55Z,4891.834961,false,tc-08.DEMO%7C123.ch1,tc-08.DEMO|123.ch1
156,2026-05-18T14:55:56Z,4906.666992,false,tc-08.DEMO%7C123.ch1,tc-08.DEMO|123.ch1
157,2026-05-18T14:55:57Z,4900.587891,false,tc-08.DEMO%7C123.ch1,tc-08.DEMO|123.ch1
158,2026-05-18T14:55:58Z,4915.487305,false,tc-08.DEMO%7C123.ch1,tc-08.DEMO|123.ch1
159,2026-05-18T14:55:59Z,4931.724609,false,tc-08.DEMO%7C123.ch1,tc-08.DEMO|123.ch1
160,2026-05-18T14:56:00Z,4937.704590,false,tc-08.DEMO%7C123.ch1,tc-08.DEMO|123.ch1
161,2026-05-18T14:56:01Z,4985.366211,false,tc-08.DEMO%7C123.ch1,tc-08.DEMO|123.ch1
162,2026-05-18T14:56:02Z,4907.375488,false,tc-08.DEMO%7C123.ch1,tc-08.DEMO|123.ch1
163,2026-05-18T14:56:03Z,4865.308105,false,tc-08.DEMO%7C123.ch1,tc-08.DEMO|123.ch1
164,2026-05-18T14:56:04Z,4823.969727,false,tc-08.DEMO%7C123.ch1,tc-08.DEMO|123.ch1
165,2026-05-18T14:56:05Z,4797.753906,false,tc-08.DEMO%7C123.ch1,tc-08.DEMO|123.ch1
166,2026-05-18T14:56:06Z,4840.908203,false,tc-08.DEMO%7C123.ch1,tc-08.DEMO|123.ch1
167,2026-05-18T14:56:07Z,4836.060547,false,tc-08.DEMO%7C123.ch1,tc-08.DEMO|123.ch1
168,2026-05-18T14:56:08Z,4830.571289,false,tc-08.DEMO%7C123.ch1,tc-08.DEMO|123.ch1
169,2026-05-18T14:56:09Z,4833.161133,false,tc-08.DEMO%7C123.ch1,tc-08.DEMO|123.ch1
170,2026-05-18T14:56:10Z,4835.662109,false,tc-08.DEMO%7C123.ch1,tc-08.DEMO|123.ch1
171,2026-05-18T14:56:11Z,4789.249023,false,tc-08.DEMO%7C123.ch1,tc-08.DEMO|123.ch1
172,2026-05-18T14:56:12Z,4788.767090,false,tc-08.DEMO%7C123.ch1,tc-08.DEMO|123.ch1
173,2026-05-18T14:56:13Z,4808.381836,false,tc-08.DEMO%7C123.ch1,tc-08.DEMO|123.ch1
174,2026-05-18T14:56:14Z,4808.784668,false,tc-08.DEMO%7C123.ch1,tc-08.DEMO|123.ch1
175,2026-05-18T14:56:15Z,4776.235840,false,tc-08.DEMO%7C123.ch1,tc-08.DEMO|123.ch1
176,2026-05-18T14:56:16Z,4774.998535,false,tc-08.DEMO%7C123.ch1,tc-08.DEMO|123.ch1
177,2026-05-18T14:56:17Z,4760.704590,false,tc-08.DEMO%7C123.ch1,tc-08.DEMO|123.ch1
178,2026-05-18T14:56:18Z,4759.699707,false,tc-08.DEMO%7C123.ch1,tc-08.DEMO|123.ch1
179,2026-05-18T14:56:19Z,4745.608398,false,tc-08.DEMO%7C123.ch1,tc-08.DEMO|123.ch1
180,2026-05-18T14:56:20Z,4814.723145,false,tc-08.DEMO%7C123.ch1,tc-08.DEMO|123.ch1
181,2026-05-18T14:56:21Z,4820.130371,false,tc-08.DEMO%7C123.ch1,tc-08.DEMO|123.ch1
182,2026-05-18T14:56:22Z,4776.977539,false,tc-08.DEMO%7C123.ch1,tc-08.DEMO|123.ch1
183,2026-05-18T14:56:23Z,4769.645996,false,tc-08.DEMO%7C123.ch1,tc-08.DEMO|123.ch1
184,2026-05-18T14:56:24Z,4824.713867,false,tc-08.DEMO%7C123.ch1,tc-08.DEMO|123.ch1
185,2026-05-18T14:56:25Z,4769.409180,false,tc-08.DEMO%7C123.ch1,tc-08.DEMO|123.ch1
186,2026-05-18T14:56:26Z,4788.358887,false,tc-08.DEMO%7C123.ch1,tc-08.DEMO|123.ch1
187,2026-05-18T14:56:27Z,4715.538574,false,tc-08.DEMO%7C123.ch1,tc-08.DEMO|123.ch1
188,2026-05-18T14:56:28Z,4691.803223,false,tc-08.DEMO%7C123.ch1,tc-08.DEMO|123.ch1
189,2026-05-18T14:56:29Z,4677.397461,false,tc-08.DEMO%7C123.ch1,tc-08.DEMO|123.ch1
190,2026-05-18T14:56:30Z,4701.458008,false,tc-08.DEMO%7C123.ch1,tc-08.DEMO|123.ch1
191,2026-05-18T14:56:31Z,4714.961426,false,tc-08.DEMO%7C123.ch1,tc-08.DEMO|123.ch1
192,2026-05-18T14:56:32Z,4659.983398,false,tc-08.DEMO%7C123.ch1,tc-08.DEMO|123.ch1
193,2026-05-18T14:56:33Z,4632.538574,false,tc-08.DEMO%7C123.ch1,tc-08.DEMO|123.ch1
194,2026-05-18T14:56:34Z,4672.694824,false,tc-08.DEMO%7C123.ch1,tc-08.DEMO|123.ch1
195,2026-05-18T14:56:35Z,4677.428223,false,tc-08.DEMO%7C123.ch1,tc-08.DEMO|123.ch1
196,2026-05-18T14:56:36Z,4630.335449,false,tc-08.DEMO%7C123.ch1,tc-08.DEMO|123.ch1
197,2026-05-18T14:56:37Z,4664.553711,false,tc-08.DEMO%7C123.ch1,tc-08.DEMO|123.ch1
198,2026-05-18T14:56:38Z,4684.809082,false,tc-08.DEMO%7C123.ch1,tc-08.DEMO|123.ch1
199,2026-05-18T14:56:39Z,4762.873535,false,tc-08.DEMO%7C123.ch1,tc-08.DEMO|123.ch1
200,2026-05-18T14:56:40Z,4786.998535,false,tc-08.DEMO%7C123.ch1,tc-08.DEMO|123.ch1
201,2026-05-18T14:56:41Z,4780.624023,false,tc-08.DEMO%7C123.ch1,tc-08.DEMO|123.ch1
202,2026-05-18T14:56:42Z,4710.243164,false,tc-08.DEMO%7C123.ch1,tc-08.DEMO|123.ch1
203,2026-05-18T14:56:43Z,4692.145996,false,tc-08.DEMO%7C123.ch1,tc-08.DEMO|123.ch1
204,2026-05-18T14:56:44Z,4634.587402,false,tc-08.DEMO%7C123.ch1,tc-08.DEMO|123.ch1
205,2026-05-18T14:56:45Z,4626.945801,false,tc-08.DEMO%7C123.ch1,tc-08.DEMO|123.ch1
206,2026-05-18T14:56:46Z,4583.916016,false,tc-08.DEMO%7C123.ch1,tc-08.DEMO|123.ch1
207,2026-05-18T14:56:47Z,4541.790039,false,tc-08.DEMO%7C123.ch1,tc-08.DEMO|123.ch1
208,2026-05-18T14:56:48Z,4519.642578,false,tc-08.DEMO%7C123.ch1,tc-08.DEMO|123.ch1
209,2026-05-18T14:56:49Z,4445.953125,false,tc-08.DEMO%7C123.ch1,tc-08.DEMO|123.ch1
210,2026-05-18T14:56:50Z,4416.673340,false,tc-08.DEMO%7C123.ch1,tc-08.DEMO|123.ch1
211,2026-05-18T14:56:51Z,4327.229980,false,tc-08.DEMO%7C123.ch1,tc-08.DEMO|123.ch1
212,2026-05-18T14:56:52Z,4335.428711,false,tc-08.DEMO%7C123.ch1,tc-08.DEMO|123.ch1
213,2026-05-18T14:56:53Z,4305.136719,false,tc-08.DEMO%7C123.ch1,tc-08.DEMO|123.ch1
214,2026-05-18T14:56:54Z,4360.352539,false,tc-08.DEMO%7C123.ch1,tc-08.DEMO|123.ch1
215,2026-05-18T14:56:55Z,4251.875000,false,tc-08.DEMO%7C123.ch1,tc-08.DEMO|123.ch1
216,2026-05-18T14:56:56Z,4225.134766,false,tc-08.DEMO%7C123.ch1,tc-08.DEMO|123.ch1
217,2026-05-18T14:56:57Z,4261.220703,false,tc-08.DEMO%7C123.ch1,tc-08.DEMO|123.ch1
218,2026-05-18T14:56:58Z,4236.460449,false,tc-08.DEMO%7C123.ch1,tc-08.DEMO|123.ch1
219,2026-05-18T14:56:59Z,4239.724609,false,tc-08.DEMO%7C123.ch1,tc-08.DEMO|123.ch1
220,2026-05-18T14:57:00Z,4273.346680,false,tc-08.DEMO%7C123.ch1,tc-08.DEMO|123.ch1
221,2026-05-18T14:57:01Z,4257.981934,false,tc-08.DEMO%7C123.ch1,tc-08.DEMO|123.ch1
222,2026-05-18T14:57:02Z,4249.637207,false,tc-08.DEMO%7C123.ch1,tc-08.DEMO|123.ch1
223,2026-05-18T14:57:03Z,4282.772461,false,tc-08.DEMO%7C123.ch1,tc-08.DEMO|123.ch1
224,2026-05-18T14:57:04Z,4247.968262,false,tc-08.DEMO%7C123.ch1,tc-08.DEMO|123.ch1
225,2026-05-18T14:57:05Z,4182.238281,false,tc-08.DEMO%7C123.ch1,tc-08.DEMO|123.ch1
226,2026-05-18T14:57:06Z,4179.544434,false,tc-08.DEMO%7C123.ch1,tc-08.DEMO|123.ch1
227,2026-05-18T14:57:07Z,4192.637207,false,tc-08.DEMO%7C123.ch1,tc-08.DEMO|123.ch1
228,2026-05-18T14:57:08Z,4209.100098,false,tc-08.DEMO%7C123.ch1,tc-08.DEMO|123.ch1
229,2026-05-18T14:57:09Z,4281.286621,false,tc-08.DEMO%7C123.ch1,tc-08.DEMO|123.ch1
230,2026-05-18T14:57:10Z,4297.200195,false,tc-08.DEMO%7C123.ch1,tc-08.DEMO|123.ch1
231,2026-05-18T14:57:11Z,4370.068848,false,tc-08.DEMO%7C123.ch1,tc-08.DEMO|123.ch1
232,2026-05-18T14:57:12Z,4442.962402,false,tc-08.DEMO%7C123.ch1,tc-08.DEMO|123.ch1
233,2026-05-18T14:57:13Z,4495.396973,false,tc-08.DEMO%7C123.ch1,tc-08.DEMO|123.ch1
234,2026-05-18T14:57:14Z,4476.088379,false,tc-08.DEMO%7C123.ch1,tc-08.DEMO|123.ch1
235,2026-05-18T14:57:15Z,4549.078125,false,tc-08.DEMO%7C123.ch1,tc-08.DEMO|123.ch1
236,2026-05-18T14:57:16Z,4543.768555,false,tc-08.DEMO%7C123.ch1,tc-08.DEMO|123.ch1
237,2026-05-18T14:57:17Z,4612.828125,false,tc-08.DEMO%7C123.ch1,tc-08.DEMO|123.ch1
238,2026-05-18T14:57:18Z,4586.703613,false,tc-08.DEMO%7C123.ch1,tc-08.DEMO|123.ch1
239,2026-05-18T14:57:19Z,4545.070801,false,tc-08.DEMO%7C123.ch1,tc-08.DEMO|123.ch1
240,2026-05-18T14:57:20Z,4494.603027,false,tc-08.DEMO%7C123.ch1,tc-08.DEMO|123.ch1
241,2026-05-18T14:57:21Z,4509.841797,false,tc-08.DEMO%7C123.ch1,tc-08.DEMO|123.ch1
242,2026-05-18T14:57:22Z,4521.937012,false,tc-08.DEMO%7C123.ch1,tc-08.DEMO|123.ch1
243,2026-05-18T14:57:23Z,4584.108398,false,tc-08.DEMO%7C123.ch1,tc-08.DEMO|123.ch1
244,2026-05-18T14:57:24Z,4589.857910,false,tc-08.DEMO%7C123.ch1,tc-08.DEMO|123.ch1
245,2026-05-18T14:57:25Z,4579.114258,false,tc-08.DEMO%7C123.ch1,tc-08.DEMO|123.ch1
246,2026-05-18T14:57:26Z,4613.958984,false,tc-08.DEMO%7C123.ch1,tc-08.DEMO|123.ch1
247,2026-05-18T14:57:27Z,4641.918945,false,tc-08.DEMO%7C123.ch1,tc-08.DEMO|123.ch1
248,2026-05-18T14:57:28Z,4681.454102,false,tc-08.DEMO%7C123.ch1,tc-08.DEMO|123.ch1
249,2026-05-18T14:57:29Z,4682.635254,false,tc-08.DEMO%7C123.ch1,tc-08.DEMO|123.ch1
250,2026-05-18T14:57:30Z,4721.240234,false,tc-08.DEMO%7C123.ch1,tc-08.DEMO|123.ch1
251,2026-05-18T14:57:31Z,4670.247070,false,tc-08.DEMO%7C123.ch1,tc-08.DEMO|123.ch1
252,2026-05-18T14:57:32Z,4638.325684,false,tc-08.DEMO%7C123.ch1,tc-08.DEMO|123.ch1
253,2026-05-18T14:57:33Z,4658.274414,false,tc-08.DEMO%7C123.ch1,tc-08.DEMO|123.ch1
254,2026-05-18T14:57:34Z,4653.083984,false,tc-08.DEMO%7C123.ch1,tc-08.DEMO|123.ch1
255,2026-05-18T14:57:35Z,4559.013672,false,tc-08.DEMO%7C123.ch1,tc-08.DEMO|123.ch1
256,2026-05-18T14:57:36Z,4600.627441,false,tc-08.DEMO%7C123.ch1,tc-08.DEMO|123.ch1
257,2026-05-18T14:57:37Z,4614.915527,false,tc-08.DEMO%7C123.ch1,tc-08.DEMO|123.ch1
258,2026-05-18T14:57:38Z,4585.370605,false,tc-08.DEMO%7C123.ch1,tc-08.DEMO|123.ch1
259,2026-05-18T14:57:39Z,4494.851563,false,tc-08.DEMO%7C123.ch1,tc-08.DEMO|123.ch1
260,2026-05-18T14:57:40Z,4494.774902,false,tc-08.DEMO%7C123.ch1,tc-08.DEMO|123.ch1
261,2026-05-18T14:57:41Z,4444.608398,false,tc-08.DEMO%7C123.ch1,tc-08.DEMO|123.ch1
262,2026-05-18T14:57:42Z,4428.385254,false,tc-08.DEMO%7C123.ch1,tc-08.DEMO|123.ch1
263,2026-05-18T14:57:43Z,4466.549805,false,tc-08.DEMO%7C123.ch1,tc-08.DEMO|123.ch1
264,2026-05-18T14:57:44Z,4451.335938,false,tc-08.DEMO%7C123.ch1,tc-08.DEMO|123.ch1
265,2026-05-18T14:57:45Z,4427.935059,false,tc-08.DEMO%7C123.ch1,tc-08.DEMO|123.ch1
266,2026-05-18T14:57:46Z,4329.458496,false,tc-08.DEMO%7C123.ch1,tc-08.DEMO|123.ch1
267,2026-05-18T14:57:47Z,4331.326660,false,tc-08.DEMO%7C123.ch1,tc-08.DEMO|123.ch1
268,2026-05-18T14:57:48Z,4416.771484,false,tc-08.DEMO%7C123.ch1,tc-08.DEMO|123.ch1
269,2026-05-18T14:57:49Z,4455.175293,false,tc-08.DEMO%7C123.ch1,tc-08.DEMO|123.ch1
270,2026-05-18T14:57:50Z,4531.658203,false,tc-08.DEMO%7C123.ch1,tc-08.DEMO|123.ch1
271,2026-05-18T14:57:51Z,4557.413574,false,tc-08.DEMO%7C123.ch1,tc-08.DEMO|123.ch1
272,2026-05-18T14:57:52Z,4487.266602,false,tc-08.DEMO%7C123.ch1,tc-08.DEMO|123.ch1
273,2026-05-18T14:57:53Z,4475.939941,false,tc-08.DEMO%7C123.ch1,tc-08.DEMO|123.ch1
274,2026-05-18T14:57:54Z,4439.450195,false,tc-08.DEMO%7C123.ch1,tc-08.DEMO|123.ch1
275,2026-05-18T14:57:55Z,4463.752930,false,tc-08.DEMO%7C123.ch1,tc-08.DEMO|123.ch1
276,2026-05-18T14:57:56Z,4475.252930,false,tc-08.DEMO%7C123.ch1,tc-08.DEMO|123.ch1
277,2026-05-18T14:57:57Z,4504.911133,false,tc-08.DEMO%7C123.ch1,tc-08.DEMO|123.ch1
278,2026-05-18T14:57:58Z,4502.758789,false,tc-08.DEMO%7C123.ch1,tc-08.DEMO|123.ch1
279,2026-05-18T14:57:59Z,4508.047852,false,tc-08.DEMO%7C123.ch1,tc-08.DEMO|123.ch1
280,2026-05-18T14:58:00Z,4518.808594,false,tc-08.DEMO%7C123.ch1,tc-08.DEMO|123.ch1
281,2026-05-18T14:58:01Z,4549.208496,false,tc-08.DEMO%7C123.ch1,tc-08.DEMO|123.ch1
282,2026-05-18T14:58:02Z,4542.922363,false,tc-08.DEMO%7C123.ch1,tc-08.DEMO|123.ch1
283,2026-05-18T14:58:03Z,4555.262695,false,tc-08.DEMO%7C123.ch1,tc-08.DEMO|123.ch1
284,2026-05-18T14:58:04Z,4519.472656,false,tc-08.DEMO%7C123.ch1,tc-08.DEMO|123.ch1
285,2026-05-18T14:58:05Z,4505.317383,false,tc-08.DEMO%7C123.ch1,tc-08.DEMO|123.ch1
286,2026-05-18T14:58:06Z,4480.552246,false,tc-08.DEMO%7C123.ch1,tc-08.DEMO|123.ch1
287,2026-05-18T14:58:07Z,4475.221680,false,tc-08.DEMO%7C123.ch1,tc-08.DEMO|123.ch1
288,2026-05-18T14:58:08Z,4518.520996,false,tc-08.DEMO%7C123.ch1,tc-08.DEMO|123.ch1
289,2026-05-18T14:58:09Z,4536.987305,false,tc-08.DEMO%7C123.ch1,tc-08.DEMO|123.ch1
290,2026-05-18T14:58:10Z,4542.192383,false,tc-08.DEMO%7C123.ch1,tc-08.DEMO|123.ch1
291,2026-05-18T14:58:11Z,4587.815430,false,tc-08.DEMO%7C123.ch1,tc-08.DEMO|123.ch1
292,2026-05-18T14:58:12Z,4607.933105,false,tc-08.DEMO%7C123.ch1,tc-08.DEMO|123.ch1
293,2026-05-18T14:58:13Z,4620.862793,false,tc-08.DEMO%7C123.ch1,tc-08.DEMO|123.ch1
294,2026-05-18T14:58:14Z,4595.844238,false,tc-08.DEMO%7C123.ch1,tc-08.DEMO|123.ch1
295,2026-05-18T14:58:15Z,4594.885742,false,tc-08.DEMO%7C123.ch1,tc-08.DEMO|123.ch1
296,2026-05-18T14:58:16Z,4610.173828,false,tc-08.DEMO%7C123.ch1,tc-08.DEMO|123.ch1
297,2026-05-18T14:58:17Z,4596.786133,false,tc-08.DEMO%7C123.ch1,tc-08.DEMO|123.ch1
298,2026-05-18T14:58:18Z,4649.805664,false,tc-08.DEMO%7C123.ch1,tc-08.DEMO|123.ch1
299,2026-05-18T14:58:19Z,4634.905273,false,tc-08.DEMO%7C123.ch1,tc-08.DEMO|123.ch1
300,2026-05-18T14:58:20Z,4667.076660,false,tc-08.DEMO%7C123.ch1,tc-08.DEMO|123.ch1
301,2026-05-18T14:58:21Z,4652.937988,false,tc-08.DEMO%7C123.ch1,tc-08.DEMO|123.ch1
302,2026-05-18T14:58:22Z,4649.409180,false,tc-08.DEMO%7C123.ch1,tc-08.DEMO|123.ch1
303,2026-05-18T14:58:23Z,4683.823242,false,tc-08.DEMO%7C123.ch1,tc-08.DEMO|123.ch1
304,2026-05-18T14:58:24Z,4633.995117,false,tc-08.DEMO%7C123.ch1,tc-08.DEMO|123.ch1
305,2026-05-18T14:58:25Z,4605.750000,false,tc-08.DEMO%7C123.ch1,tc-08.DEMO|123.ch1
306,2026-05-18T14:58:26Z,4631.971191,false,tc-08.DEMO%7C123.ch1,tc-08.DEMO|123.ch1
307,2026-05-18T14:58:27Z,4592.577637,false,tc-08.DEMO%7C123.ch1,tc-08.DEMO|123.ch1
308,2026-05-18T14:58:28Z,4557.434082,false,tc-08.DEMO%7C123.ch1,tc-08.DEMO|123.ch1
309,2026-05-18T14:58:29Z,4589.736816,false,tc-08.DEMO%7C123.ch1,tc-08.DEMO|123.ch1
310,2026-05-18T14:58:30Z,4659.838379,false,tc-08.DEMO%7C123.ch1,tc-08.DEMO|123.ch1
311,2026-05-18T14:58:31Z,4635.253418,false,tc-08.DEMO%7C123.ch1,tc-08.DEMO|123.ch1
312,2026-05-18T14:58:32Z,4634.428711,false,tc-08.DEMO%7C123.ch1,tc-08.DEMO|123.ch1
313,2026-05-18T14:58:33Z,4685.339355,false,tc-08.DEMO%7C123.ch1,tc-08.DEMO|123.ch1
314,2026-05-18T14:58:34Z,4703.381348,false,tc-08.DEMO%7C123.ch1,tc-08.DEMO|123.ch1
315,2026-05-18T14:58:35Z,4681.306152,false,tc-08.DEMO%7C123.ch1,tc-08.DEMO|123.ch1
316,2026-05-18T14:58:36Z,4719.179199,false,tc-08.DEMO%7C123.ch1,tc-08.DEMO|123.ch1
317,2026-05-18T14:58:37Z,4686.450684,false,tc-08.DEMO%7C123.ch1,tc-08.DEMO|123.ch1
318,2026-05-18T14:58:38Z,4715.068359,false,tc-08.DEMO%7C123.ch1,tc-08.DEMO|123.ch1
319,2026-05-18T14:58:39Z,4740.687012,false,tc-08.DEMO%7C123.ch1,tc-08.DEMO|123.ch1
320,2026-05-18T14:58:40Z,4788.244629,false,tc-08.DEMO%7C123.ch1,tc-08.DEMO|123.ch1
321,2026-05-18T14:58:41Z,4756.950195,false,tc-08.DEMO%7C123.ch1,tc-08.DEMO|123.ch1
322,2026-05-18T14:58:42Z,4752.642578,false,tc-08.DEMO%7C123.ch1,tc-08.DEMO|123.ch1
323,2026-05-18T14:58:43Z,4641.791016,false,tc-08.DEMO%7C123.ch1,tc-08.DEMO|123.ch1
324,2026-05-18T14:58:44Z,4689.157715,false,tc-08.DEMO%7C123.ch1,tc-08.DEMO|123.ch1
325,2026-05-18T14:58:45Z,4702.774414,false,tc-08.DEMO%7C123.ch1,tc-08.DEMO|123.ch1
326,2026-05-18T14:58:46Z,4738.222168,false,tc-08.DEMO%7C123.ch1,tc-08.DEMO|123.ch1
327,2026-05-18T14:58:47Z,4798.980469,false,tc-08.DEMO%7C123.ch1,tc-08.DEMO|123.ch1
328,2026-05-18T14:58:48Z,4782.507324,false,tc-08.DEMO%7C123.ch1,tc-08.DEMO|123.ch1
329,2026-05-18T14:58:49Z,4760.505371,false,tc-08.DEMO%7C123.ch1,tc-08.DEMO|123.ch1
330,2026-05-18T14:58:50Z,4764.803223,false,tc-08.DEMO%7C123.ch1,tc-08.DEMO|123.ch1
331,2026-05-18T14:58:51Z,4771.245117,false,tc-08.DEMO%7C123.ch1,tc-08.DEMO|123.ch1
332,2026-05-18T14:58:52Z,4695.146484,false,tc-08.DEMO%7C123.ch1,tc-08.DEMO|123.ch1
333,2026-05-18T14:58:53Z,4716.643066,false,tc-08.DEMO%7C123.ch1,tc-08.DEMO|123.ch1
334,2026-05-18T14:58:54Z,4696.258301,false,tc-08.DEMO%7C123.ch1,tc-08.DEMO|123.ch1
335,2026-05-18T14:58:55Z,4726.542480,false,tc-08.DEMO%7C123.ch1,tc-08.DEMO|123.ch1
336,2026-05-18T14:58:56Z,4666.652832,false,tc-08.DEMO%7C123.ch1,tc-08.DEMO|123.ch1
337,2026-05-18T14:58:57Z,4705.741699,false,tc-08.DEMO%7C123.ch1,tc-08.DEMO|123.ch1
338,2026-05-18T14:58:58Z,4741.210938,false,tc-08.DEMO%7C123.ch1,tc-08.DEMO|123.ch1
339,2026-05-18T14:58:59Z,4722.481445,false,tc-08.DEMO%7C123.ch1,tc-08.DEMO|123.ch1
340,2026-05-18T14:59:00Z,4732.458008,false,tc-08.DEMO%7C123.ch1,tc-08.DEMO|123.ch1
341,2026-05-18T14:59:01Z,4762.244629,false,tc-08.DEMO%7C123.ch1,tc-08.DEMO|123.ch1
342,2026-05-18T14:59:02Z,4720.839844,false,tc-08.DEMO%7C123.ch1,tc-08.DEMO|123.ch1
343,2026-05-18T14:59:03Z,4672.655762,false,tc-08.DEMO%7C123.ch1,tc-08.DEMO|123.ch1
344,2026-05-18T14:59:04Z,4690.285156,false,tc-08.DEMO%7C123.ch1,tc-08.DEMO|123.ch1
345,2026-05-18T14:59:05Z,4730.890137,false,tc-08.DEMO%7C123.ch1,tc-08.DEMO|123.ch1
346,2026-05-18T14:59:06Z,4747.049316,false,tc-08.DEMO%7C123.ch1,tc-08.DEMO|123.ch1
347,2026-05-18T14:59:07Z,4768.407227,false,tc-08.DEMO%7C123.ch1,tc-08.DEMO|123.ch1
348,2026-05-18T14:59:08Z,4748.311035,false,tc-08.DEMO%7C123.ch1,tc-08.DEMO|123.ch1
349,2026-05-18T14:59:09Z,4719.546387,false,tc-08.DEMO%7C123.ch1,tc-08.DEMO|123.ch1
350,2026-05-18T14:59:10Z,4753.873535,false,tc-08.DEMO%7C123.ch1,tc-08.DEMO|123.ch1
351,2026-05-18T14:59:11Z,4748.323242,false,tc-08.DEMO%7C123.ch1,tc-08.DEMO|123.ch1
352,2026-05-18T14:59:12Z,4730.307129,false,tc-08.DEMO%7C123.ch1,tc-08.DEMO|123.ch1
353,2026-05-18T14:59:13Z,4710.584473,false,tc-08.DEMO%7C123.ch1,tc-08.DEMO|123.ch1
354,2026-05-18T14:59:14Z,4725.514160,false,tc-08.DEMO%7C123.ch1,tc-08.DEMO|123.ch1
355,2026-05-18T14:59:15Z,4694.864746,false,tc-08.DEMO%7C123.ch1,tc-08.DEMO|123.ch1
356,2026-05-18T14:59:16Z,4674.168457,false,tc-08.DEMO%7C123.ch1,tc-08.DEMO|123.ch1
357,2026-05-18T14:59:17Z,4701.272461,false,tc-08.DEMO%7C123.ch1,tc-08.DEMO|123.ch1
358,2026-05-18T14:59:18Z,4707.800781,false,tc-08.DEMO%7C123.ch1,tc-08.DEMO|123.ch1
359,2026-05-18T14:59:19Z,4687.205566,false,tc-08.DEMO%7C123.ch1,tc-08.DEMO|123.ch1
360,2026-05-18T14:59:20Z,4709.220703,false,tc-08.DEMO%7C123.ch1,tc-08.DEMO|123.ch1
361,2026-05-18T14:59:21Z,4635.568359,false,tc-08.DEMO%7C123.ch1,tc-08.DEMO|123.ch1
362,2026-05-18T14:59:22Z,4616.277832,false,tc-08.DEMO%7C123.ch1,tc-08.DEMO|123.ch1
363,2026-05-18T14:59:23Z,4652.942871,false,tc-08.DEMO%7C123.ch1,tc-08.DEMO|123.ch1
364,2026-05-18T14:59:24Z,4640.958496,false,tc-08.DEMO%7C123.ch1,tc-08.DEMO|123.ch1
365,2026-05-18T14:59:25Z,4641.985352,false,tc-08.DEMO%7C123.ch1,tc-08.DEMO|123.ch1
366,2026-05-18T14:59:26Z,4643.424316,false,tc-08.DEMO%7C123.ch1,tc-08.DEMO|123.ch1
367,2026-05-18T14:59:27Z,4628.288574,false,tc-08.DEMO%7C123.ch1,tc-08.DEMO|123.ch1
368,2026-05-18T14:59:28Z,4631.920898,false,tc-08.DEMO%7C123.ch1,tc-08.DEMO|123.ch1
369,2026-05-18T14:59:29Z,4534.861816,false,tc-08.DEMO%7C123.ch1,tc-08.DEMO|123.ch1
370,2026-05-18T14:59:30Z,4527.589844,false,tc-08.DEMO%7C123.ch1,tc-08.DEMO|123.ch1
371,2026-05-18T14:59:31Z,4541.637695,false,tc-08.DEMO%7C123.ch1,tc-08.DEMO|123.ch1
372,2026-05-18T14:59:32Z,4509.617676,false,tc-08.DEMO%7C123.ch1,tc-08.DEMO|123.ch1
373,2026-05-18T14:59:33Z,4465.400391,false,tc-08.DEMO%7C123.ch1,tc-08.DEMO|123.ch1
374,2026-05-18T14:59:34Z,4453.982910,false,tc-08.DEMO%7C123.ch1,tc-08.DEMO|123.ch1
375,2026-05-18T14:59:35Z,4453.977051,false,tc-08.DEMO%7C123.ch1,tc-08.DEMO|123.ch1
376,2026-05-18T14:59:36Z,4458.309082,false,tc-08.DEMO%7C123.ch1,tc-08.DEMO|123.ch1
377,2026-05-18T14:59:37Z,4484.879883,false,tc-08.DEMO%7C123.ch1,tc-08.DEMO|123.ch1
378,2026-05-18T14:59:38Z,4457.762695,false,tc-08.DEMO%7C123.ch1,tc-08.DEMO|123.ch1
379,2026-05-18T14:59:39Z,4446.619629,false,tc-08.DEMO%7C123.ch1,tc-08.DEMO|123.ch1
380,2026-05-18T14:59:40Z,4454.046875,false,tc-08.DEMO%7C123.ch1,tc-08.DEMO|123.ch1
381,2026-05-18T14:59:41Z,4404.277832,false,tc-08.DEMO%7C123.ch1,tc-08.DEMO|123.ch1
382,2026-05-18T14:59:42Z,4442.534180,false,tc-08.DEMO%7C123.ch1,tc-08.DEMO|123.ch1
383,2026-05-18T14:59:43Z,4432.676270,false,tc-08.DEMO%7C123.ch1,tc-08.DEMO|123.ch1
384,2026-05-18T14:59:44Z,4415.561035,false,tc-08.DEMO%7C123.ch1,tc-08.DEMO|123.ch1
385,2026-05-18T14:59:45Z,4401.126953,false,tc-08.DEMO%7C123.ch1,tc-08.DEMO|123.ch1
386,2026-05-18T14:59:46Z,4424.287598,false,tc-08.DEMO%7C123.ch1,tc-08.DEMO|123.ch1
387,2026-05-18T14:59:47Z,4490.427734,false,tc-08.DEMO%7C123.ch1,tc-08.DEMO|123.ch1
388,2026-05-18T14:59:48Z,4471.846680,false,tc-08.DEMO%7C123.ch1,tc-08.DEMO|123.ch1
389,2026-05-18T14:59:49Z,4471.114258,false,tc-08.DEMO%7C123.ch1,tc-08.DEMO|123.ch1
390,2026-05-18T14:59:50Z,4507.656250,false,tc-08.DEMO%7C123.ch1,tc-08.DEMO|123.ch1
391,2026-05-18T14:59:51Z,4560.085449,false,tc-08.DEMO%7C123.ch1,tc-08.DEMO|123.ch1
392,2026-05-18T14:59:52Z,4576.053711,false,tc-08.DEMO%7C123.ch1,tc-08.DEMO|123.ch1
393,2026-05-18T14:59:53Z,4590.334473,false,tc-08.DEMO%7C123.ch1,tc-08.DEMO|123.ch1
394,2026-05-18T14:59:54Z,4564.719238,false,tc-08.DEMO%7C123.ch1,tc-08.DEMO|123.ch1
395,2026-05-18T14:59:55Z,4545.850098,false,tc-08.DEMO%7C123.ch1,tc-08.DEMO|123.ch1
396,2026-05-18T14:59:56Z,4548.789551,false,tc-08.DEMO%7C123.ch1,tc-08.DEMO|123.ch1
397,2026-05-18T14:59:57Z,4602.260254,false,tc-08.DEMO%7C123.ch1,tc-08.DEMO|123.ch1
398,2026-05-18T14:59:58Z,4553.313965,false,tc-08.DEMO%7C123.ch1,tc-08.DEMO|123.ch1
399,2026-05-18T14:59:59Z,4566.098633,false,tc-08.DEMO%7C123.ch1,tc-08.DEMO|123.ch1
400,2026-05-18T15:00:00Z,4569.546875,false,tc-08.DEMO%7C123.ch1,tc-08.DEMO|123.ch1
401,2026-05-18T15:00:01Z,4540.107422,false,tc-08.DEMO%7C123.ch1,tc-08.DEMO|123.ch1
402,2026-05-18T15:00:02Z,4484.092285,false,tc-08.DEMO%7C123.ch1,tc-08.DEMO|123.ch1
403,2026-05-18T15:00:03Z,4475.720215,false,tc-08.DEMO%7C123.ch1,tc-08.DEMO|123.ch1
404,2026-05-18T15:00:04Z,4483.895996,false,tc-08.DEMO%7C123.ch1,tc-08.DEMO|123.ch1
405,2026-05-18T15:00:05Z,4474.068848,false,tc-08.DEMO%7C123.ch1,tc-08.DEMO|123.ch1
406,2026-05-18T15:00:06Z,4505.049805,false,tc-08.DEMO%7C123.ch1,tc-08.DEMO|123.ch1
407,2026-05-18T15:00:07Z,4443.096191,false,tc-08.DEMO%7C123.ch1,tc-08.DEMO|123.ch1
408,2026-05-18T15:00:08Z,4462.472168,false,tc-08.DEMO%7C123.ch1,tc-08.DEMO|123.ch1
409,2026-05-18T15:00:09Z,4360.392090,false,tc-08.DEMO%7C123.ch1,tc-08.DEMO|123.ch1
410,2026-05-18T15:00:10Z,4369.011230,false,tc-08.DEMO%7C123.ch1,tc-08.DEMO|123.ch1
411,2026-05-18T15:00:11Z,4419.080078,false,tc-08.DEMO%7C123.ch1,tc-08.DEMO|123.ch1
412,2026-05-18T15:00:12Z,4403.335449,false,tc-08.DEMO%7C123.ch1,tc-08.DEMO|123.ch1
413,2026-05-18T15:00:13Z,4455.630859,false,tc-08.DEMO%7C123.ch1,tc-08.DEMO|123.ch1
414,2026-05-18T15:00:14Z,4479.890625,false,tc-08.DEMO%7C123.ch1,tc-08.DEMO|123.ch1
415,2026-05-18T15:00:15Z,4366.588867,false,tc-08.DEMO%7C123.ch1,tc-08.DEMO|123.ch1
416,2026-05-18T15:00:16Z,4304.969727,false,tc-08.DEMO%7C123.ch1,tc-08.DEMO|123.ch1
417,2026-05-18T15:00:17Z,4317.088379,false,tc-08.DEMO%7C123.ch1,tc-08.DEMO|123.ch1
418,2026-05-18T15:00:18Z,4309.275879,false,tc-08.DEMO%7C123.ch1,tc-08.DEMO|123.ch1
419,2026-05-18T15:00:19Z,4323.124512,false,tc-08.DEMO%7C123.ch1,tc-08.DEMO|123.ch1
420,2026-05-18T15:00:20Z,4286.407715,false,tc-08.DEMO%7C123.ch1,tc-08.DEMO|123.ch1
421,2026-05-18T15:00:21Z,4246.772949,false,tc-08.DEMO%7C123.ch1,tc-08.DEMO|123.ch1
422,2026-05-18T15:00:22Z,4178.341309,false,tc-08.DEMO%7C123.ch1,tc-08.DEMO|123.ch1
423,2026-05-18T15:00:23Z,4197.526367,false,tc-08.DEMO%7C123.ch1,tc-08.DEMO|123.ch1
424,2026-05-18T15:00:24Z,4195.743652,false,tc-08.DEMO%7C123.ch1,tc-08.DEMO|123.ch1
425,2026-05-18T15:00:25Z,4193.868164,false,tc-08.DEMO%7C123.ch1,tc-08.DEMO|123.ch1
426,2026-05-18T15:00:26Z,4171.014648,false,tc-08.DEMO%7C123.ch1,tc-08.DEMO|123.ch1
427,2026-05-18T15:00:27Z,4151.070801,false,tc-08.DEMO%7C123.ch1,tc-08.DEMO|123.ch1
428,2026-05-18T15:00:28Z,4135.639160,false,tc-08.DEMO%7C123.ch1,tc-08.DEMO|123.ch1
429,2026-05-18T15:00:29Z,4126.068848,false,tc-08.DEMO%7C123.ch1,tc-08.DEMO|123.ch1
430,2026-05-18T15:00:30Z,4161.487305,false,tc-08.DEMO%7C123.ch1,tc-08.DEMO|123.ch1
431,2026-05-18T15:00:31Z,4066.778809,false,tc-08.DEMO%7C123.ch1,tc-08.DEMO|123.ch1
432,2026-05-18T15:00:32Z,4093.961670,false,tc-08.DEMO%7C123.ch1,tc-08.DEMO|123.ch1
433,2026-05-18T15:00:33Z,4099.895508,false,tc-08.DEMO%7C123.ch1,tc-08.DEMO|123.ch1
434,2026-05-18T15:00:34Z,4070.757324,false,tc-08.DEMO%7C123.ch1,tc-08.DEMO|123.ch1
435,2026-05-18T15:00:35Z,4050.875244,false,tc-08.DEMO%7C123.ch1,tc-08.DEMO|123.ch1
436,2026-05-18T15:00:36Z,3996.215088,false,tc-08.DEMO%7C123.ch1,tc-08.DEMO|123.ch1
437,2026-05-18T15:00:37Z,3979.645996,false,tc-08.DEMO%7C123.ch1,tc-08.DEMO|123.ch1
438,2026-05-18T15:00:38Z,4059.931396,false,tc-08.DEMO%7C123.ch1,tc-08.DEMO|123.ch1
439,2026-05-18T15:00:39Z,4089.138672,false,tc-08.DEMO%7C123.ch1,tc-08.DEMO|123.ch1
440,2026-05-18T15:00:40Z,4118.992188,false,tc-08.DEMO%7C123.ch1,tc-08.DEMO|123.ch1
441,2026-05-18T15:00:41Z,4136.489746,false,tc-08.DEMO%7C123.ch1,tc-08.DEMO|123.ch1
442,2026-05-18T15:00:42Z,4123.387207,false,tc-08.DEMO%7C123.ch1,tc-08.DEMO|123.ch1
443,2026-05-18T15:00:43Z,4151.561523,false,tc-08.DEMO%7C123.ch1,tc-08.DEMO|123.ch1
444,2026-05-18T15:00:44Z,4198.616211,false,tc-08.DEMO%7C123.ch1,tc-08.DEMO|123.ch1
445,2026-05-18T15:00:45Z,4196.496094,false,tc-08.DEMO%7C123.ch1,tc-08.DEMO|123.ch1
446,2026-05-18T15:00:46Z,4175.026855,false,tc-08.DEMO%7C123.ch1,tc-08.DEMO|123.ch1
447,2026-05-18T15:00:47Z,4172.424805,false,tc-08.DEMO%7C123.ch1,tc-08.DEMO|123.ch1
448,2026-05-18T15:00:48Z,4112.689941,false,tc-08.DEMO%7C123.ch1,tc-08.DEMO|123.ch1
449,2026-05-18T15:00:49Z,4145.364258,false,tc-08.DEMO%7C123.ch1,tc-08.DEMO|123.ch1
450,2026-05-18T15:00:50Z,4117.718750,false,tc-08.DEMO%7C123.ch1,tc-08.DEMO|123.ch1
451,2026-05-18T15:00:51Z,4136.516113,false,tc-08.DEMO%7C123.ch1,tc-08.DEMO|123.ch1
452,2026-05-18T15:00:52Z,4100.456055,false,tc-08.DEMO%7C123.ch1,tc-08.DEMO|123.ch1
453,2026-05-18T15:00:53Z,4116.810547,false,tc-08.DEMO%7C123.ch1,tc-08.DEMO|123.ch1
454,2026-05-18T15:00:54Z,4154.341797,false,tc-08.DEMO%7C123.ch1,tc-08.DEMO|123.ch1
455,2026-05-18T15:00:55Z,4160.288574,false,tc-08.DEMO%7C123.ch1,tc-08.DEMO|123.ch1
456,2026-05-18T15:00:56Z,4116.135254,false,tc-08.DEMO%7C123.ch1,tc-08.DEMO|123.ch1
457,2026-05-18T15:00:57Z,4098.686523,false,tc-08.DEMO%7C123.ch1,tc-08.DEMO|123.ch1
458,2026-05-18T15:00:58Z,4120.705078,false,tc-08.DEMO%7C123.ch1,tc-08.DEMO|123.ch1
459,2026-05-18T15:00:59Z,4143.025391,false,tc-08.DEMO%7C123.ch1,tc-08.DEMO|123.ch1
460,2026-05-18T15:01:00Z,4175.963379,false,tc-08.DEMO%7C123.ch1,tc-08.DEMO|123.ch1
461,2026-05-18T15:01:01Z,4142.497559,false,tc-08.DEMO%7C123.ch1,tc-08.DEMO|123.ch1
462,2026-05-18T15:01:02Z,4075.611572,false,tc-08.DEMO%7C123.ch1,tc-08.DEMO|123.ch1
463,2026-05-18T15:01:03Z,4146.169922,false,tc-08.DEMO%7C123.ch1,tc-08.DEMO|123.ch1
464,2026-05-18T15:01:04Z,4202.437500,false,tc-08.DEMO%7C123.ch1,tc-08.DEMO|123.ch1
465,2026-05-18T15:01:05Z,4211.813477,false,tc-08.DEMO%7C123.ch1,tc-08.DEMO|123.ch1
466,2026-05-18T15:01:06Z,4203.490723,false,tc-08.DEMO%7C123.ch1,tc-08.DEMO|123.ch1
467,2026-05-18T15:01:07Z,4101.145508,false,tc-08.DEMO%7C123.ch1,tc-08.DEMO|123.ch1
468,2026-05-18T15:01:08Z,4065.058350,false,tc-08.DEMO%7C123.ch1,tc-08.DEMO|123.ch1
469,2026-05-18T15:01:09Z,4060.364502,false,tc-08.DEMO%7C123.ch1,tc-08.DEMO|123.ch1
470,2026-05-18T15:01:10Z,4016.533203,false,tc-08.DEMO%7C123.ch1,tc-08.DEMO|123.ch1
471,2026-05-18T15:01:11Z,4013.948975,false,tc-08.DEMO%7C123.ch1,tc-08.DEMO|123.ch1
472,2026-05-18T15:01:12Z,4010.505127,false,tc-08.DEMO%7C123.ch1,tc-08.DEMO|123.ch1
473,2026-05-18T15:01:13Z,3963.956299,false,tc-08.DEMO%7C123.ch1,tc-08.DEMO|123.ch1
474,2026-05-18T15:01:14Z,3975.473877,false,tc-08.DEMO%7C123.ch1,tc-08.DEMO|123.ch1
475,2026-05-18T15:01:15Z,3984.030029,false,tc-08.DEMO%7C123.ch1,tc-08.DEMO|123.ch1
476,2026-05-18T15:01:16Z,4029.539063,false,tc-08.DEMO%7C123.ch1,tc-08.DEMO|123.ch1
477,2026-05-18T15:01:17Z,4006.494385,false,tc-08.DEMO%7C123.ch1,tc-08.DEMO|123.ch1
478,2026-05-18T15:01:18Z,4047.416992,false,tc-08.DEMO%7C123.ch1,tc-08.DEMO|123.ch1
479,2026-05-18T15:01:19Z,3996.460449,false,tc-08.DEMO%7C123.ch1,tc-08.DEMO|123.ch1
480,2026-05-18T15:01:20Z,3988.206299,false,tc-08.DEMO%7C123.ch1,tc-08.DEMO|123.ch1
481,2026-05-18T15:01:21Z,3990.322754,false,tc-08.DEMO%7C123.ch1,tc-08.DEMO|123.ch1
482,2026-05-18T15:01:22Z,4083.663086,false,tc-08.DEMO%7C123.ch1,tc-08.DEMO|123.ch1
483,2026-05-18T15:01:23Z,4089.921387,false,tc-08.DEMO%7C123.ch1,tc-08.DEMO|123.ch1
484,2026-05-18T15:01:24Z,4088.561523,false,tc-08.DEMO%7C123.ch1,tc-08.DEMO|123.ch1
485,2026-05-18T15:01:25Z,4082.423828,false,tc-08.DEMO%7C123.ch1,tc-08.DEMO|123.ch1
486,2026-05-18T15:01:26Z,4056.162598,false,tc-08.DEMO%7C123.ch1,tc-08.DEMO|123.ch1
487,2026-05-18T15:01:27Z,4082.698242,false,tc-08.DEMO%7C123.ch1,tc-08.DEMO|123.ch1
488,2026-05-18T15:01:28Z,4107.261230,false,tc-08.DEMO%7C123.ch1,tc-08.DEMO|123.ch1
489,2026-05-18T15:01:29Z,4100.799316,false,tc-08.DEMO%7C123.ch1,tc-08.DEMO|123.ch1
490,2026-05-18T15:01:30Z,4131.659668,false,tc-08.DEMO%7C123.ch1,tc-08.DEMO|123.ch1
491,2026-05-18T15:01:31Z,4103.352051,false,tc-08.DEMO%7C123.ch1,tc-08.DEMO|123.ch1
492,2026-05-18T15:01:32Z,4101.197266,false,tc-08.DEMO%7C123.ch1,tc-08.DEMO|123.ch1
493,2026-05-18T15:01:33Z,4203.535156,false,tc-08.DEMO%7C123.ch1,tc-08.DEMO|123.ch1
494,2026-05-18T15:01:34Z,4199.178223,false,tc-08.DEMO%7C123.ch1,tc-08.DEMO|123.ch1
495,2026-05-18T15:01:35Z,4227.154785,false,tc-08.DEMO%7C123.ch1,tc-08.DEMO|123.ch1
496,2026-05-18T15:01:36Z,4215.826172,false,tc-08.DEMO%7C123.ch1,tc-08.DEMO|123.ch1
497,2026-05-18T15:01:37Z,4180.496094,false,tc-08.DEMO%7C123.ch1,tc-08.DEMO|123.ch1
498,2026-05-18T15:01:38Z,4156.012207,false,tc-08.DEMO%7C123.ch1,tc-08.DEMO|123.ch1
499,2026-05-18T15:01:39Z,4177.954590,false,tc-08.DEMO%7C123.ch1,tc-08.DEMO|123.ch1
500,2026-05-18T15:01:40Z,4070.287354,false,tc-08.DEMO%7C123.ch1,tc-08.DEMO|123.ch1
501,2026-05-18T15:01:41Z,4085.623779,false,tc-08.DEMO%7C123.ch1,tc-08.DEMO|123.ch1
502,2026-05-18T15:01:42Z,4125.273438,false,tc-08.DEMO%7C123.ch1,tc-08.DEMO|123.ch1
503,2026-05-18T15:01:43Z,4144.687500,false,tc-08.DEMO%7C123.ch1,tc-08.DEMO|123.ch1
504,2026-05-18T15:01:44Z,4236.628906,false,tc-08.DEMO%7C123.ch1,tc-08.DEMO|123.ch1
505,2026-05-18T15:01:45Z,4220.715332,false,tc-08.DEMO%7C123.ch1,tc-08.DEMO|123.ch1
506,2026-05-18T15:01:46Z,4211.788086,false,tc-08.DEMO%7C123.ch1,tc-08.DEMO|123.ch1
507,2026-05-18T15:01:47Z,4207.409668,false,tc-08.DEMO%7C123.ch1,tc-08.DEMO|123.ch1
508,2026-05-18T15:01:48Z,4241.705078,false,tc-08.DEMO%7C123.ch1,tc-08.DEMO|123.ch1
509,2026-05-18T15:01:49Z,4271.653320,false,tc-08.DEMO%7C123.ch1,tc-08.DEMO|123.ch1
510,2026-05-18T15:01:50Z,4215.761230,false,tc-08.DEMO%7C123.ch1,tc-08.DEMO|123.ch1
511,2026-05-18T15:01:51Z,4176.083984,false,tc-08.DEMO%7C123.ch1,tc-08.DEMO|123.ch1
512,2026-05-18T15:01:52Z,4197.264160,false,tc-08.DEMO%7C123.ch1,tc-08.DEMO|123.ch1
513,2026-05-18T15:01:53Z,4216.781250,false,tc-08.DEMO%7C123.ch1,tc-08.DEMO|123.ch1
514,2026-05-18T15:01:54Z,4193.555176,false,tc-08.DEMO%7C123.ch1,tc-08.DEMO|123.ch1
515,2026-05-18T15:01:55Z,4103.194336,false,tc-08.DEMO%7C123.ch1,tc-08.DEMO|123.ch1
516,2026-05-18T15:01:56Z,4134.603027,false,tc-08.DEMO%7C123.ch1,tc-08.DEMO|123.ch1
517,2026-05-18T15:01:57Z,4111.315430,false,tc-08.DEMO%7C123.ch1,tc-08.DEMO|123.ch1
518,2026-05-18T15:01:58Z,4075.832031,false,tc-08.DEMO%7C123.ch1,tc-08.DEMO|123.ch1
519,2026-05-18T15:01:59Z,4028.315186,false,tc-08.DEMO%7C123.ch1,tc-08.DEMO|123.ch1
520,2026-05-18T15:02:00Z,3970.840576,false,tc-08.DEMO%7C123.ch1,tc-08.DEMO|123.ch1
521,2026-05-18T15:02:01Z,3983.487305,false,tc-08.DEMO%7C123.ch1,tc-08.DEMO|123.ch1
522,2026-05-18T15:02:02Z,4098.771973,false,tc-08.DEMO%7C123.ch1,tc-08.DEMO|123.ch1
523,2026-05-18T15:02:03Z,4060.527832,false,tc-08.DEMO%7C123.ch1,tc-08.DEMO|123.ch1
524,2026-05-18T15:02:04Z,4057.407959,false,tc-08.DEMO%7C123.ch1,tc-08.DEMO|123.ch1
525,2026-05-18T15:02:05Z,4005.379150,false,tc-08.DEMO%7C123.ch1,tc-08.DEMO|123.ch1
526,2026-05-18T15:02:06Z,4006.177002,false,tc-08.DEMO%7C123.ch1,tc-08.DEMO|123.ch1
527,2026-05-18T15:02:07Z,3995.897705,false,tc-08.DEMO%7C123.ch1,tc-08.DEMO|123.ch1
528,2026-05-18T15:02:08Z,4014.101563,false,tc-08.DEMO%7C123.ch1,tc-08.DEMO|123.ch1
529,2026-05-18T15:02:09Z,4011.694824,false,tc-08.DEMO%7C123.ch1,tc-08.DEMO|123.ch1
530,2026-05-18T15:02:10Z,4000.794678,false,tc-08.DEMO%7C123.ch1,tc-08.DEMO|123.ch1
531,2026-05-18T15:02:11Z,3998.384766,false,tc-08.DEMO%7C123.ch1,tc-08.DEMO|123.ch1
532,2026-05-18T15:02:12Z,3971.974854,false,tc-08.DEMO%7C123.ch1,tc-08.DEMO|123.ch1
533,2026-05-18T15:02:13Z,3940.597412,false,tc-08.DEMO%7C123.ch1,tc-08.DEMO|123.ch1
534,2026-05-18T15:02:14Z,3976.235107,false,tc-08.DEMO%7C123.ch1,tc-08.DEMO|123.ch1
535,2026-05-18T15:02:15Z,3965.983154,false,tc-08.DEMO%7C123.ch1,tc-08.DEMO|123.ch1
536,2026-05-18T15:02:16Z,3946.545898,false,tc-08.DEMO%7C123.ch1,tc-08.DEMO|123.ch1
537,2026-05-18T15:02:17Z,3865.250977,false,tc-08.DEMO%7C123.ch1,tc-08.DEMO|123.ch1
538,2026-05-18T15:02:18Z,3845.093750,false,tc-08.DEMO%7C123.ch1,tc-08.DEMO|123.ch1
539,2026-05-18T15:02:19Z,3856.488770,false,tc-08.DEMO%7C123.ch1,tc-08.DEMO|123.ch1
540,2026-05-18T15:02:20Z,3816.456299,false,tc-08.DEMO%7C123.ch1,tc-08.DEMO|123.ch1
541,2026-05-18T15:02:21Z,3759.485352,false,tc-08.DEMO%7C123.ch1,tc-08.DEMO|123.ch1
542,2026-05-18T15:02:22Z,3763.541992,false,tc-08.DEMO%7C123.ch1,tc-08.DEMO|123.ch1
543,2026-05-18T15:02:23Z,3768.600586,false,tc-08.DEMO%7C123.ch1,tc-08.DEMO|123.ch1
544,2026-05-18T15:02:24Z,3852.268066,false,tc-08.DEMO%7C123.ch1,tc-08.DEMO|123.ch1
545,2026-05-18T15:02:25Z,3886.040771,false,tc-08.DEMO%7C123.ch1,tc-08.DEMO|123.ch1
546,2026-05-18T15:02:26Z,3845.449463,false,tc-08.DEMO%7C123.ch1,tc-08.DEMO|123.ch1
547,2026-05-18T15:02:27Z,3878.507568,false,tc-08.DEMO%7C123.ch1,tc-08.DEMO|123.ch1
548,2026-05-18T15:02:28Z,3912.890137,false,tc-08.DEMO%7C123.ch1,tc-08.DEMO|123.ch1
549,2026-05-18T15:02:29Z,3889.196045,false,tc-08.DEMO%7C123.ch1,tc-08.DEMO|123.ch1
550,2026-05-18T15:02:30Z,3861.227539,false,tc-08.DEMO%7C123.ch1,tc-08.DEMO|123.ch1
551,2026-05-18T15:02:31Z,3805.831787,false,tc-08.DEMO%7C123.ch1,tc-08.DEMO|123.ch1
552,2026-05-18T15:02:32Z,3770.295898,false,tc-08.DEMO%7C123.ch1,tc-08.DEMO|123.ch1
553,2026-05-18T15:02:33Z,3791.990479,false,tc-08.DEMO%7C123.ch1,tc-08.DEMO|123.ch1
554,2026-05-18T15:02:34Z,3845.898682,false,tc-08.DEMO%7C123.ch1,tc-08.DEMO|123.ch1
555,2026-05-18T15:02:35Z,3797.290283,false,tc-08.DEMO%7C123.ch1,tc-08.DEMO|123.ch1
556,2026-05-18T15:02:36Z,3857.451660,false,tc-08.DEMO%7C123.ch1,tc-08.DEMO|123.ch1
557,2026-05-18T15:02:37Z,3851.144775,false,tc-08.DEMO%7C123.ch1,tc-08.DEMO|123.ch1
558,2026-05-18T15:02:38Z,3829.649902,false,tc-08.DEMO%7C123.ch1,tc-08.DEMO|123.ch1
559,2026-05-18T15:02:39Z,3796.422363,false,tc-08.DEMO%7C123.ch1,tc-08.DEMO|123.ch1
560,2026-05-18T15:02:40Z,3798.023438,false,tc-08.DEMO%7C123.ch1,tc-08.DEMO|123.ch1
561,2026-05-18T15:02:41Z,3789.329346,false,tc-08.DEMO%7C123.ch1,tc-08.DEMO|123.ch1
562,2026-05-18T15:02:42Z,3770.567871,false,tc-08.DEMO%7C123.ch1,tc-08.DEMO|123.ch1
563,2026-05-18T15:02:43Z,3795.465820,false,tc-08.DEMO%7C123.ch1,tc-08.DEMO|123.ch1
564,2026-05-18T15:02:44Z,3777.204102,false,tc-08.DEMO%7C123.ch1,tc-08.DEMO|123.ch1
565,2026-05-18T15:02:45Z,3759.924805,false,tc-08.DEMO%7C123.ch1,tc-08.DEMO|123.ch1
566,2026-05-18T15:02:46Z,3721.319824,false,tc-08.DEMO%7C123.ch1,tc-08.DEMO|123.ch1
567,2026-05-18T15:02:47Z,3703.293457,false,tc-08.DEMO%7C123.ch1,tc-08.DEMO|123.ch1
568,2026-05-18T15:02:48Z,3657.318604,false,tc-08.DEMO%7C123.ch1,tc-08.DEMO|123.ch1
569,2026-05-18T15:02:49Z,3616.911377,false,tc-08.DEMO%7C123.ch1,tc-08.DEMO|123.ch1
570,2026-05-18T15:02:50Z,3572.275635,false,tc-08.DEMO%7C123.ch1,tc-08.DEMO|123.ch1
571,2026-05-18T15:02:51Z,3580.552490,false,tc-08.DEMO%7C123.ch1,tc-08.DEMO|123.ch1
572,2026-05-18T15:02:52Z,3541.988770,false,tc-08.DEMO%7C123.ch1,tc-08.DEMO|123.ch1
573,2026-05-18T15:02:53Z,3513.772705,false,tc-08.DEMO%7C123.ch1,tc-08.DEMO|123.ch1
574,2026-05-18T15:02:54Z,3499.959717,false,tc-08.DEMO%7C123.ch1,tc-08.DEMO|123.ch1
575,2026-05-18T15:02:55Z,3480.683105,false,tc-08.DEMO%7C123.ch1,tc-08.DEMO|123.ch1
576,2026-05-18T15:02:56Z,3484.335693,false,tc-08.DEMO%7C123.ch1,tc-08.DEMO|123.ch1
577,2026-05-18T15:02:57Z,3501.443848,false,tc-08.DEMO%7C123.ch1,tc-08.DEMO|123.ch1
578,2026-05-18T15:02:58Z,3489.418457,false,tc-08.DEMO%7C123.ch1,tc-08.DEMO|123.ch1
579,2026-05-18T15:02:59Z,3499.045410,false,tc-08.DEMO%7C123.ch1,tc-08.DEMO|123.ch1
580,2026-05-18T15:03:00Z,3493.943359,false,tc-08.DEMO%7C123.ch1,tc-08.DEMO|123.ch1
581,2026-05-18T15:03:01Z,3499.821777,false,tc-08.DEMO%7C123.ch1,tc-08.DEMO|123.ch1
582,2026-05-18T15:03:02Z,3514.843262,false,tc-08.DEMO%7C123.ch1,tc-08.DEMO|123.ch1
583,2026-05-18T15:03:03Z,3482.942871,false,tc-08.DEMO%7C123.ch1,tc-08.DEMO|123.ch1
584,2026-05-18T15:03:04Z,3446.967285,false,tc-08.DEMO%7C123.ch1,tc-08.DEMO|123.ch1
585,2026-05-18T15:03:05Z,3447.723145,false,tc-08.DEMO%7C123.ch1,tc-08.DEMO|123.ch1
586,2026-05-18T15:03:06Z,3425.352783,false,tc-08.DEMO%7C123.ch1,tc-08.DEMO|123.ch1
587,2026-05-18T15:03:07Z,3379.585205,false,tc-08.DEMO%7C123.ch1,tc-08.DEMO|123.ch1
588,2026-05-18T15:03:08Z,3319.312256,false,tc-08.DEMO%7C123.ch1,tc-08.DEMO|123.ch1
589,2026-05-18T15:03:09Z,3351.608398,false,tc-08.DEMO%7C123.ch1,tc-08.DEMO|123.ch1
590,2026-05-18T15:03:10Z,3388.935303,false,tc-08.DEMO%7C123.ch1,tc-08.DEMO|123.ch1
591,2026-05-18T15:03:11Z,3398.225342,false,tc-08.DEMO%7C123.ch1,tc-08.DEMO|123.ch1
592,2026-05-18T15:03:12Z,3355.306152,false,tc-08.DEMO%7C123.ch1,tc-08.DEMO|123.ch1
593,2026-05-18T15:03:13Z,3373.136719,false,tc-08.DEMO%7C123.ch1,tc-08.DEMO|123.ch1
594,2026-05-18T15:03:14Z,3420.393555,false,tc-08.DEMO%7C123.ch1,tc-08.DEMO|123.ch1
595,2026-05-18T15:03:15Z,3363.302490,false,tc-08.DEMO%7C123.ch1,tc-08.DEMO|123.ch1
596,2026-05-18T15:03:16Z,3348.425049,false,tc-08.DEMO%7C123.ch1,tc-08.DEMO|123.ch1
597,2026-05-18T15:03:17Z,3330.984131,false,tc-08.DEMO%7C123.ch1,tc-08.DEMO|123.ch1
598,2026-05-18T15:03:18Z,3285.919434,false,tc-08.DEMO%7C123.ch1,tc-08.DEMO|123.ch1
599,2026-05-18T15:03:19Z,3215.593018,false,tc-08.DEMO%7C123.ch1,tc-08.DEMO|123.ch1
600,2026-05-18T15:03:20Z,3266.222900,false,tc-08.DEMO%7C123.ch1,tc-08.DEMO|123.ch1
601,2026-05-18T15:03:21Z,3274.046631,false,tc-08.DEMO%7C123.ch1,tc-08.DEMO|123.ch1
602,2026-05-18T15:03:22Z,3286.641357,false,tc-08.DEMO%7C123.ch1,tc-08.DEMO|123.ch1
603,2026-05-18T15:03:23Z,3259.909180,false,tc-08.DEMO%7C123.ch1,tc-08.DEMO|123.ch1
604,2026-05-18T15:03:24Z,3270.142090,false,tc-08.DEMO%7C123.ch1,tc-08.DEMO|123.ch1
605,2026-05-18T15:03:25Z,3315.464355,false,tc-08.DEMO%7C123.ch1,tc-08.DEMO|123.ch1
606,2026-05-18T15:03:26Z,3339.187012,false,tc-08.DEMO%7C123.ch1,tc-08.DEMO|123.ch1
607,2026-05-18T15:03:27Z,3344.533936,false,tc-08.DEMO%7C123.ch1,tc-08.DEMO|123.ch1
608,2026-05-18T15:03:28Z,3340.539795,false,tc-08.DEMO%7C123.ch1,tc-08.DEMO|123.ch1
609,2026-05-18T15:03:29Z,3375.505371,false,tc-08.DEMO%7C123.ch1,tc-08.DEMO|123.ch1
610,2026-05-18T15:03:30Z,3313.931396,false,tc-08.DEMO%7C123.ch1,tc-08.DEMO|123.ch1
611,2026-05-18T15:03:31Z,3341.297119,false,tc-08.DEMO%7C123.ch1,tc-08.DEMO|123.ch1
612,2026-05-18T15:03:32Z,3376.839355,false,tc-08.DEMO%7C123.ch1,tc-08.DEMO|123.ch1
613,2026-05-18T15:03:33Z,3366.690430,false,tc-08.DEMO%7C123.ch1,tc-08.DEMO|123.ch1
614,2026-05-18T15:03:34Z,3377.611328,false,tc-08.DEMO%7C123.ch1,tc-08.DEMO|123.ch1
615,2026-05-18T15:03:35Z,3350.773926,false,tc-08.DEMO%7C123.ch1,tc-08.DEMO|123.ch1
616,2026-05-18T15:03:36Z,3337.300049,false,tc-08.DEMO%7C123.ch1,tc-08.DEMO|123.ch1
617,2026-05-18T15:03:37Z,3330.463623,false,tc-08.DEMO%7C123.ch1,tc-08.DEMO|123.ch1
618,2026-05-18T15:03:38Z,3382.190918,false,tc-08.DEMO%7C123.ch1,tc-08.DEMO|123.ch1
619,2026-05-18T15:03:39Z,3418.922119,false,tc-08.DEMO%7C123.ch1,tc-08.DEMO|123.ch1
620,2026-05-18T15:03:40Z,3398.927490,false,tc-08.DEMO%7C123.ch1,tc-08.DEMO|123.ch1
621,2026-05-18T15:03:41Z,3411.370605,false,tc-08.DEMO%7C123.ch1,tc-08.DEMO|123.ch1
622,2026-05-18T15:03:42Z,3408.757080,false,tc-08.DEMO%7C123.ch1,tc-08.DEMO|123.ch1
623,2026-05-18T15:03:43Z,3462.809326,false,tc-08.DEMO%7C123.ch1,tc-08.DEMO|123.ch1
624,2026-05-18T15:03:44Z,3454.508057,false,tc-08.DEMO%7C123.ch1,tc-08.DEMO|123.ch1
625,2026-05-18T15:03:45Z,3435.269287,false,tc-08.DEMO%7C123.ch1,tc-08.DEMO|123.ch1
626,2026-05-18T15:03:46Z,3470.261719,false,tc-08.DEMO%7C123.ch1,tc-08.DEMO|123.ch1
627,2026-05-18T15:03:47Z,3514.123291,false,tc-08.DEMO%7C123.ch1,tc-08.DEMO|123.ch1
628,2026-05-18T15:03:48Z,3556.872559,false,tc-08.DEMO%7C123.ch1,tc-08.DEMO|123.ch1
629,2026-05-18T15:03:49Z,3580.141846,false,tc-08.DEMO%7C123.ch1,tc-08.DEMO|123.ch1
630,2026-05-18T15:03:50Z,3630.491211,false,tc-08.DEMO%7C123.ch1,tc-08.DEMO|123.ch1
631,2026-05-18T15:03:51Z,3628.254395,false,tc-08.DEMO%7C123.ch1,tc-08.DEMO|123.ch1
632,2026-05-18T15:03:52Z,3587.609375,false,tc-08.DEMO%7C123.ch1,tc-08.DEMO|123.ch1
633,2026-05-18T15:03:53Z,3615.411621,false,tc-08.DEMO%7C123.ch1,tc-08.DEMO|123.ch1
634,2026-05-18T15:03:54Z,3635.228760,false,tc-08.DEMO%7C123.ch1,tc-08.DEMO|123.ch1
635,2026-05-18T15:03:55Z,3643.947510,false,tc-08.DEMO%7C123.ch1,tc-08.DEMO|123.ch1
636,2026-05-18T15:03:56Z,3579.968018,false,tc-08.DEMO%7C123.ch1,tc-08.DEMO|123.ch1
637,2026-05-18T15:03:57Z,3551.113525,false,tc-08.DEMO%7C123.ch1,tc-08.DEMO|123.ch1
638,2026-05-18T15:03:58Z,3497.566406,false,tc-08.DEMO%7C123.ch1,tc-08.DEMO|123.ch1
639,2026-05-18T15:03:59Z,3418.076172,false,tc-08.DEMO%7C123.ch1,tc-08.DEMO|123.ch1
640,2026-05-18T15:04:00Z,3426.355713,false,tc-08.DEMO%7C123.ch1,tc-08.DEMO|123.ch1
641,2026-05-18T15:04:01Z,3411.416260,false,tc-08.DEMO%7C123.ch1,tc-08.DEMO|123.ch1
642,2026-05-18T15:04:02Z,3376.014648,false,tc-08.DEMO%7C123.ch1,tc-08.DEMO|123.ch1
643,2026-05-18T15:04:03Z,3413.144531,false,tc-08.DEMO%7C123.ch1,tc-08.DEMO|123.ch1
644,2026-05-18T15:04:04Z,3423.984619,false,tc-08.DEMO%7C123.ch1,tc-08.DEMO|123.ch1
645,2026-05-18T15:04:05Z,3484.207275,false,tc-08.DEMO%7C123.ch1,tc-08.DEMO|123.ch1
646,2026-05-18T15:04:06Z,3518.182373,false,tc-08.DEMO%7C123.ch1,tc-08.DEMO|123.ch1
647,2026-05-18T15:04:07Z,3537.152344,false,tc-08.DEMO%7C123.ch1,tc-08.DEMO|123.ch1
648,2026-05-18T15:04:08Z,3486.853271,false,tc-08.DEMO%7C123.ch1,tc-08.DEMO|123.ch1
649,2026-05-18T15:04:09Z,3415.289307,false,tc-08.DEMO%7C123.ch1,tc-08.DEMO|123.ch1
650,2026-05-18T15:04:10Z,3421.107178,false,tc-08.DEMO%7C123.ch1,tc-08.DEMO|123.ch1
651,2026-05-18T15:04:11Z,3415.353271,false,tc-08.DEMO%7C123.ch1,tc-08.DEMO|123.ch1
652,2026-05-18T15:04:12Z,3380.269775,false,tc-08.DEMO%7C123.ch1,tc-08.DEMO|123.ch1
653,2026-05-18T15:04:13Z,3379.354736,false,tc-08.DEMO%7C123.ch1,tc-08.DEMO|123.ch1
654,2026-05-18T15:04:14Z,3457.076416,false,tc-08.DEMO%7C123.ch1,tc-08.DEMO|123.ch1
655,2026-05-18T15:04:15Z,3436.947998,false,tc-08.DEMO%7C123.ch1,tc-08.DEMO|123.ch1
656,2026-05-18T15:04:16Z,3442.592041,false,tc-08.DEMO%7C123.ch1,tc-08.DEMO|123.ch1
657,2026-05-18T15:04:17Z,3436.237305,false,tc-08.DEMO%7C123.ch1,tc-08.DEMO|123.ch1
658,2026-05-18T15:04:18Z,3442.728271,false,tc-08.DEMO%7C123.ch1,tc-08.DEMO|123.ch1
659,2026-05-18T15:04:19Z,3484.713623,false,tc-08.DEMO%7C123.ch1,tc-08.DEMO|123.ch1
660,2026-05-18T15:04:20Z,3507.163086,false,tc-08.DEMO%7C123.ch1,tc-08.DEMO|123.ch1
661,2026-05-18T15:04:21Z,3565.856934,false,tc-08.DEMO%7C123.ch1,tc-08.DEMO|123.ch1
662,2026-05-18T15:04:22Z,3502.132568,false,tc-08.DEMO%7C123.ch1,tc-08.DEMO|123.ch1
663,2026-05-18T15:04:23Z,3481.090332,false,tc-08.DEMO%7C123.ch1,tc-08.DEMO|123.ch1
664,2026-05-18T15:04:24Z,3496.817871,false,tc-08.DEMO%7C123.ch1,tc-08.DEMO|123.ch1
665,2026-05-18T15:04:25Z,3567.319824,false,tc-08.DEMO%7C123.ch1,tc-08.DEMO|123.ch1
666,2026-05-18T15:04:26Z,3590.241211,false,tc-08.DEMO%7C123.ch1,tc-08.DEMO|123.ch1
667,2026-05-18T15:04:27Z,3562.976563,false,tc-08.DEMO%7C123.ch1,tc-08.DEMO|123.ch1
668,2026-05-18T15:04:28Z,3559.617920,false,tc-08.DEMO%7C123.ch1,tc-08.DEMO|123.ch1
669,2026-05-18T15:04:29Z,3581.976807,false,tc-08.DEMO%7C123.ch1,tc-08.DEMO|123.ch1
670,2026-05-18T15:04:30Z,3591.231689,false,tc-08.DEMO%7C123.ch1,tc-08.DEMO|123.ch1
671,2026-05-18T15:04:31Z,3578.765625,false,tc-08.DEMO%7C123.ch1,tc-08.DEMO|123.ch1
672,2026-05-18T15:04:32Z,3546.138916,false,tc-08.DEMO%7C123.ch1,tc-08.DEMO|123.ch1
673,2026-05-18T15:04:33Z,3516.922363,false,tc-08.DEMO%7C123.ch1,tc-08.DEMO|123.ch1
674,2026-05-18T15:04:34Z,3435.427002,false,tc-08.DEMO%7C123.ch1,tc-08.DEMO|123.ch1
675,2026-05-18T15:04:35Z,3450.027344,false,tc-08.DEMO%7C123.ch1,tc-08.DEMO|123.ch1
676,2026-05-18T15:04:36Z,3483.686279,false,tc-08.DEMO%7C123.ch1,tc-08.DEMO|123.ch1
677,2026-05-18T15:04:37Z,3524.908691,false,tc-08.DEMO%7C123.ch1,tc-08.DEMO|123.ch1
678,2026-05-18T15:04:38Z,3545.849609,false,tc-08.DEMO%7C123.ch1,tc-08.DEMO|123.ch1
679,2026-05-18T15:04:39Z,3568.095947,false,tc-08.DEMO%7C123.ch1,tc-08.DEMO|123.ch1
680,2026-05-18T15:04:40Z,3632.773682,false,tc-08.DEMO%7C123.ch1,tc-08.DEMO|123.ch1
681,2026-05-18T15:04:41Z,3628.981934,false,tc-08.DEMO%7C123.ch1,tc-08.DEMO|123.ch1
682,2026-05-18T15:04:42Z,3584.241211,false,tc-08.DEMO%7C123.ch1,tc-08.DEMO|123.ch1
683,2026-05-18T15:04:43Z,3590.457764,false,tc-08.DEMO%7C123.ch1,tc-08.DEMO|123.ch1
684,2026-05-18T15:04:44Z,3569.621338,false,tc-08.DEMO%7C123.ch1,tc-08.DEMO|123.ch1
685,2026-05-18T15:04:45Z,3562.539307,false,tc-08.DEMO%7C123.ch1,tc-08.DEMO|123.ch1
686,2026-05-18T15:04:46Z,3561.381592,false,tc-08.DEMO%7C123.ch1,tc-08.DEMO|123.ch1
687,2026-05-18T15:04:47Z,3575.918213,false,tc-08.DEMO%7C123.ch1,tc-08.DEMO|123.ch1
688,2026-05-18T15:04:48Z,NaN,true,tc-08.DEMO%7C123.ch1,tc-08.DEMO|123.ch1
689,2026-05-18T15:04:49Z,NaN,true,tc-08.DEMO%7C123.ch1,tc-08.DEMO|123.ch1
690,2026-05-18T15:04:50Z,NaN,true,tc-08.DEMO%7C123.ch1,tc-08.DEMO|123.ch1
691,2026-05-18T15:04:51Z,NaN,true,tc-08.DEMO%7C123.ch1,tc-08.DEMO|123.ch1
692,2026-05-18T15:04:52Z,NaN,true,tc-08.DEMO%7C123.ch1,tc-08.DEMO|123.ch1
693,2026-05-18T15:04:53Z,NaN,true,tc-08.DEMO%7C123.ch1,tc-08.DEMO|123.ch1
694,2026-05-18T15:04:54Z,NaN,true,tc-08.DEMO%7C123.ch1,tc-08.DEMO|123.ch1
695,2026-05-18T15:04:55Z,NaN,true,tc-08.DEMO%7C123.ch1,tc-08.DEMO|123.ch1
696,2026-05-18T15:04:56Z,NaN,true,tc-08.DEMO%7C123.ch1,tc-08.DEMO|123.ch1
697,2026-05-18T15:04:57Z,NaN,true,tc-08.DEMO%7C123.ch1,tc-08.DEMO|123.ch1
698,2026-05-18T15:04:58Z,NaN,true,tc-08.DEMO%7C123.ch1,tc-08.DEMO|123.ch1
699,2026-05-18T15:04:59Z,NaN,true,tc-08.DEMO%7C123.ch1,tc-08.DEMO|123.ch1
700,2026-05-18T15:05:00Z,NaN,true,tc-08.DEMO%7C123.ch1,tc-08.DEMO|123.ch1
701,2026-05-18T15:05:01Z,NaN,true,tc-08.DEMO%7C123.ch1,tc-08.DEMO|123.ch1
702,2026-05-18T15:05:02Z,NaN,true,tc-08.DEMO%7C123.ch1,tc-08.DEMO|123.ch1
703,2026-05-18T15:05:03Z,NaN,true,tc-08.DEMO%7C123.ch1,tc-08.DEMO|123.ch1
704,2026-05-18T15:05:04Z,NaN,true,tc-08.DEMO%7C123.ch1,tc-08.DEMO|123.ch1
705,2026-05-18T15:05:05Z,NaN,true,tc-08.DEMO%7C123.ch1,tc-08.DEMO|123.ch1
706,2026-05-18T15:05:06Z,NaN,true,tc-08.DEMO%7C123.ch1,tc-08.DEMO|123.ch1
707,2026-05-18T15:05:07Z,NaN,true,tc-08.DEMO%7C123.ch1,tc-08.DEMO|123.ch1
708,2026-05-18T15:05:08Z,NaN,true,tc-08.DEMO%7C123.ch1,tc-08.DEMO|123.ch1
709,2026-05-18T15:05:09Z,NaN,true,tc-08.DEMO%7C123.ch1,tc-08.DEMO|123.ch1
710,2026-05-18T15:05:10Z,NaN,true,tc-08.DEMO%7C123.ch1,tc-08.DEMO|123.ch1
711,2026-05-18T15:05:11Z,NaN,true,tc-08.DEMO%7C123.ch1,tc-08.DEMO|123.ch1
712,2026-05-18T15:05:12Z,NaN,true,tc-08.DEMO%7C123.ch1,tc-08.DEMO|123.ch1
713,2026-05-18T15:05:13Z,NaN,true,tc-08.DEMO%7C123.ch1,tc-08.DEMO|123.ch1
714,2026-05-18T15:05:14Z,NaN,true,tc-08.DEMO%7C123.ch1,tc-08.DEMO|123.ch1
715,2026-05-18T15:05:15Z,NaN,true,tc-08.DEMO%7C123.ch1,tc-08.DEMO|123.ch1
716,2026-05-18T15:05:16Z,NaN,true,tc-08.DEMO%7C123.ch1,tc-08.DEMO|123.ch1
717,2026-05-18T15:05:17Z,NaN,true,tc-08.DEMO%7C123.ch1,tc-08.DEMO|123.ch1
718,2026-05-18T15:05:18Z,NaN,true,tc-08.DEMO%7C123.ch1,tc-08.DEMO|123.ch1
719,2026-05-18T15:05:19Z,NaN,true,tc-08.DEMO%7C123.ch1,tc-08.DEMO|123.ch1
720,2026-05-18T15:05:20Z,NaN,true,tc-08.DEMO%7C123.ch1,tc-08.DEMO|123.ch1
721,2026-05-18T15:05:21Z,NaN,true,tc-08.DEMO%7C123.ch1,tc-08.DEMO|123.ch1
722,2026-05-18T15:05:22Z,NaN,true,tc-08.DEMO%7C123.ch1,tc-08.DEMO|123.ch1
723,2026-05-18T15:05:23Z,NaN,true,tc-08.DEMO%7C123.ch1,tc-08.DEMO|123.ch1
724,2026-05-18T15:05:24Z,NaN,true,tc-08.DEMO%7C123.ch1,tc-08.DEMO|123.ch1
725,2026-05-18T15:05:25Z,NaN,true,tc-08.DEMO%7C123.ch1,tc-08.DEMO|123.ch1
726,2026-05-18T15:05:26Z,NaN,true,tc-08.DEMO%7C123.ch1,tc-08.DEMO|123.ch1
727,2026-05-18T15:05:27Z,NaN,true,tc-08.DEMO%7C123.ch1,tc-08.DEMO|123.ch1
728,2026-05-18T15:05:28Z,NaN,true,tc-08.DEMO%7C123.ch1,tc-08.DEMO|123.ch1
729,2026-05-18T15:05:29Z,NaN,true,tc-08.DEMO%7C123.ch1,tc-08.DEMO|123.ch1
730,2026-05-18T15:05:30Z,NaN,true,tc-08.DEMO%7C123.ch1,tc-08.DEMO|123.ch1
731,2026-05-18T15:05:31Z,NaN,true,tc-08.DEMO%7C123.ch1,tc-08.DEMO|123.ch1
732,2026-05-18T15:05:32Z,NaN,true,tc-08.DEMO%7C123.ch1,tc-08.DEMO|123.ch1
733,2026-05-18T15:05:33Z,NaN,true,tc-08.DEMO%7C123.ch1,tc-08.DEMO|123.ch1
734,2026-05-18T15:05:34Z,NaN,true,tc-08.DEMO%7C123.ch1,tc-08.DEMO|123.ch1
735,2026-05-18T15:05:35Z,NaN,true,tc-08.DEMO%7C123.ch1,tc-08.DEMO|123.ch1
736,2026-05-18T15:05:36Z,NaN,true,tc-08.DEMO%7C123.ch1,tc-08.DEMO|123.ch1
737,2026-05-18T15:05:37Z,NaN,true,tc-08.DEMO%7C123.ch1,tc-08.DEMO|123.ch1
738,2026-05-18T15:05:38Z,NaN,true,tc-08.DEMO%7C123.ch1,tc-08.DEMO|123.ch1
739,2026-05-18T15:05:39Z,NaN,true,tc-08.DEMO%7C123.ch1,tc-08.DEMO|123.ch1
740,2026-05-18T15:05:40Z,NaN,true,tc-08.DEMO%7C123.ch1,tc-08.DEMO|123.ch1
741,2026-05-18T15:05:41Z,NaN,true,tc-08.DEMO%7C123.ch1,tc-08.DEMO|123.ch1
742,2026-05-18T15:05:42Z,NaN,true,tc-08.DEMO%7C123.ch1,tc-08.DEMO|123.ch1
743,2026-05-18T15:05:43Z,NaN,true,tc-08.DEMO%7C123.ch1,tc-08.DEMO|123.ch1
744,2026-05-18T15:05:44Z,NaN,true,tc-08.DEMO%7C123.ch1,tc-08.DEMO|123.ch1
745,2026-05-18T15:05:45Z,NaN,true,tc-08.DEMO%7C123.ch1,tc-08.DEMO|123.ch1
746,2026-05-18T15:05:46Z,NaN,true,tc-08.DEMO%7C123.ch1,tc-08.DEMO|123.ch1
747,2026-05-18T15:05:47Z,NaN,true,tc-08.DEMO%7C123.ch1,tc-08.DEMO|123.ch1
748,2026-05-18T15:05:48Z,NaN,true,tc-08.DEMO%7C123.ch1,tc-08.DEMO|123.ch1
749,2026-05-18T15:05:49Z,NaN,true,tc-08.DEMO%7C123.ch1,tc-08.DEMO|123.ch1
750,2026-05-18T15:05:50Z,NaN,true,tc-08.DEMO%7C123.ch1,tc-08.DEMO|123.ch1
751,2026-05-18T15:05:51Z,NaN,true,tc-08.DEMO%7C123.ch1,tc-08.DEMO|123.ch1
752,2026-05-18T15:05:52Z,NaN,true,tc-08.DEMO%7C123.ch1,tc-08.DEMO|123.ch1
753,2026-05-18T15:05:53Z,NaN,true,tc-08.DEMO%7C123.ch1,tc-08.DEMO|123.ch1
754,2026-05-18T15:05:54Z,NaN,true,tc-08.DEMO%7C123.ch1,tc-08.DEMO|123.ch1
755,2026-05-18T15:05:55Z,NaN,true,tc-08.DEMO%7C123.ch1,tc-08.DEMO|123.ch1
756,2026-05-18T15:05:56Z,NaN,true,tc-08.DEMO%7C123.ch1,tc-08.DEMO|123.ch1
757,2026-05-18T15:05:57Z,NaN,true,tc-08.DEMO%7C123.ch1,tc-08.DEMO|123.ch1
758,2026-05-18T15:05:58Z,NaN,true,tc-08.DEMO%7C123.ch1,tc-08.DEMO|123.ch1
759,2026-05-18T15:05:59Z,NaN,true,tc-08.DEMO%7C123.ch1,tc-08.DEMO|123.ch1
760,2026-05-18T15:06:00Z,NaN,true,tc-08.DEMO%7C123.ch1,tc-08.DEMO|123.ch1
761,2026-05-18T15:06:01Z,NaN,true,tc-08.DEMO%7C123.ch1,tc-08.DEMO|123.ch1
762,2026-05-18T15:06:02Z,NaN,true,tc-08.DEMO%7C123.ch1,tc-08.DEMO|123.ch1
763,2026-05-18T15:06:03Z,NaN,true,tc-08.DEMO%7C123.ch1,tc-08.DEMO|123.ch1
764,2026-05-18T15:06:04Z,NaN,true,tc-08.DEMO%7C123.ch1,tc-08.DEMO|123.ch1
765,2026-05-18T15:06:05Z,NaN,true,tc-08.DEMO%7C123.ch1,tc-08.DEMO|123.ch1
766,2026-05-18T15:06:06Z,NaN,true,tc-08.DEMO%7C123.ch1,tc-08.DEMO|123.ch1
767,2026-05-18T15:06:07Z,NaN,true,tc-08.DEMO%7C123.ch1,tc-08.DEMO|123.ch1
768,2026-05-18T15:06:08Z,NaN,true,tc-08.DEMO%7C123.ch1,tc-08.DEMO|123.ch1
769,2026-05-18T15:06:09Z,NaN,true,tc-08.DEMO%7C123.ch1,tc-08.DEMO|123.ch1
770,2026-05-18T15:06:10Z,NaN,true,tc-08.DEMO%7C123.ch1,tc-08.DEMO|123.ch1
771,2026-05-18T15:06:11Z,NaN,true,tc-08.DEMO%7C123.ch1,tc-08.DEMO|123.ch1
772,2026-05-18T15:06:12Z,NaN,true,tc-08.DEMO%7C123.ch1,tc-08.DEMO|123.ch1
773,2026-05-18T15:06:13Z,NaN,true,tc-08.DEMO%7C123.ch1,tc-08.DEMO|123.ch1
774,2026-05-18T15:06:14Z,NaN,true,tc-08.DEMO%7C123.ch1,tc-08.DEMO|123.ch1
775,2026-05-18T15:06:15Z,NaN,true,tc-08.DEMO%7C123.ch1,tc-08.DEMO|123.ch1
776,2026-05-18T15:06:16Z,NaN,true,tc-08.DEMO%7C123.ch1,tc-08.DEMO|123.ch1
777,2026-05-18T15:06:17Z,NaN,true,tc-08.DEMO%7C123.ch1,tc-08.DEMO|123.ch1
778,2026-05-18T15:06:18Z,NaN,true,tc-08.DEMO%7C123.ch1,tc-08.DEMO|123.ch1
779,2026-05-18T15:06:19Z,NaN,true,tc-08.DEMO%7C123.ch1,tc-08.DEMO|123.ch1
780,2026-05-18T15:06:20Z,NaN,true,tc-08.DEMO%7C123.ch1,tc-08.DEMO|123.ch1
781,2026-05-18T15:06:21Z,NaN,true,tc-08.DEMO%7C123.ch1,tc-08.DEMO|123.ch1
782,2026-05-18T15:06:22Z,NaN,true,tc-08.DEMO%7C123.ch1,tc-08.DEMO|123.ch1
783,2026-05-18T15:06:23Z,NaN,true,tc-08.DEMO%7C123.ch1,tc-08.DEMO|123.ch1
784,2026-05-18T15:06:24Z,NaN,true,tc-08.DEMO%7C123.ch1,tc-08.DEMO|123.ch1
785,2026-05-18T15:06:25Z,NaN,true,tc-08.DEMO%7C123.ch1,tc-08.DEMO|123.ch1
786,2026-05-18T15:06:26Z,NaN,true,tc-08.DEMO%7C123.ch1,tc-08.DEMO|123.ch1
787,2026-05-18T15:06:27Z,NaN,true,tc-08.DEMO%7C123.ch1,tc-08.DEMO|123.ch1
788,2026-05-18T15:06:28Z,NaN,true,tc-08.DEMO%7C123.ch1,tc-08.DEMO|123.ch1
789,2026-05-18T15:06:29Z,NaN,true,tc-08.DEMO%7C123.ch1,tc-08.DEMO|123.ch1
790,2026-05-18T15:06:30Z,NaN,true,tc-08.DEMO%7C123.ch1,tc-08.DEMO|123.ch1
791,2026-05-18T15:06:31Z,NaN,true,tc-08.DEMO%7C123.ch1,tc-08.DEMO|123.ch1
792,2026-05-18T15:06:32Z,NaN,true,tc-08.DEMO%7C123.ch1,tc-08.DEMO|123.ch1
793,2026-05-18T15:06:33Z,NaN,true,tc-08.DEMO%7C123.ch1,tc-08.DEMO|123.ch1
794,2026-05-18T15:06:34Z,NaN,true,tc-08.DEMO%7C123.ch1,tc-08.DEMO|123.ch1
795,2026-05-18T15:06:35Z,NaN,true,tc-08.DEMO%7C123.ch1,tc-08.DEMO|123.ch1
796,2026-05-18T15:06:36Z,NaN,true,tc-08.DEMO%7C123.ch1,tc-08.DEMO|123.ch1
797,2026-05-18T15:06:37Z,NaN,true,tc-08.DEMO%7C123.ch1,tc-08.DEMO|123.ch1
798,2026-05-18T15:06:38Z,NaN,true,tc-08.DEMO%7C123.ch1,tc-08.DEMO|123.ch1
799,2026-05-18T15:06:39Z,NaN,true,tc-08.DEMO%7C123.ch1,tc-08.DEMO|123.ch1
800,2026-05-18T15:06:40Z,NaN,true,tc-08.DEMO%7C123.ch1,tc-08.DEMO|123.ch1
801,2026-05-18T15:06:41Z,NaN,true,tc-08.DEMO%7C123.ch1,tc-08.DEMO|123.ch1
802,2026-05-18T15:06:42Z,NaN,true,tc-08.DEMO%7C123.ch1,tc-08.DEMO|123.ch1
803,2026-05-18T15:06:43Z,NaN,true,tc-08.DEMO%7C123.ch1,tc-08.DEMO|123.ch1
804,2026-05-18T15:06:44Z,NaN,true,tc-08.DEMO%7C123.ch1,tc-08.DEMO|123.ch1
805,2026-05-18T15:06:45Z,NaN,true,tc-08.DEMO%7C123.ch1,tc-08.DEMO|123.ch1
806,2026-05-18T15:06:46Z,NaN,true,tc-08.DEMO%7C123.ch1,tc-08.DEMO|123.ch1
807,2026-05-18T15:06:47Z,NaN,true,tc-08.DEMO%7C123.ch1,tc-08.DEMO|123.ch1
808,2026-05-18T15:06:48Z,NaN,true,tc-08.DEMO%7C123.ch1,tc-08.DEMO|123.ch1
809,2026-05-18T15:06:49Z,NaN,true,tc-08.DEMO%7C123.ch1,tc-08.DEMO|123.ch1
810,2026-05-18T15:06:50Z,NaN,true,tc-08.DEMO%7C123.ch1,tc-08.DEMO|123.ch1
811,2026-05-18T15:06:51Z,NaN,true,tc-08.DEMO%7C123.ch1,tc-08.DEMO|123.ch1
812,2026-05-18T15:06:52Z,NaN,true,tc-08.DEMO%7C123.ch1,tc-08.DEMO|123.ch1
813,2026-05-18T15:06:53Z,NaN,true,tc-08.DEMO%7C123.ch1,tc-08.DEMO|123.ch1
814,2026-05-18T15:06:54Z,NaN,true,tc-08.DEMO%7C123.ch1,tc-08.DEMO|123.ch1
815,2026-05-18T15:06:55Z,NaN,true,tc-08.DEMO%7C123.ch1,tc-08.DEMO|123.ch1
816,2026-05-18T15:06:56Z,NaN,true,tc-08.DEMO%7C123.ch1,tc-08.DEMO|123.ch1
817,2026-05-18T15:06:57Z,NaN,true,tc-08.DEMO%7C123.ch1,tc-08.DEMO|123.ch1
818,2026-05-18T15:06:58Z,NaN,true,tc-08.DEMO%7C123.ch1,tc-08.DEMO|123.ch1
819,2026-05-18T15:06:59Z,NaN,true,tc-08.DEMO%7C123.ch1,tc-08.DEMO|123.ch1
820,2026-05-18T15:07:00Z,NaN,true,tc-08.DEMO%7C123.ch1,tc-08.DEMO|123.ch1
821,2026-05-18T15:07:01Z,NaN,true,tc-08.DEMO%7C123.ch1,tc-08.DEMO|123.ch1
822,2026-05-18T15:07:02Z,NaN,true,tc-08.DEMO%7C123.ch1,tc-08.DEMO|123.ch1
823,2026-05-18T15:07:03Z,NaN,true,tc-08.DEMO%7C123.ch1,tc-08.DEMO|123.ch1
824,2026-05-18T15:07:04Z,NaN,true,tc-08.DEMO%7C123.ch1,tc-08.DEMO|123.ch1
825,2026-05-18T15:07:05Z,NaN,true,tc-08.DEMO%7C123.ch1,tc-08.DEMO|123.ch1
826,2026-05-18T15:07:06Z,NaN,true,tc-08.DEMO%7C123.ch1,tc-08.DEMO|123.ch1
827,2026-05-18T15:07:07Z,NaN,true,tc-08.DEMO%7C123.ch1,tc-08.DEMO|123.ch1
828,2026-05-18T15:07:08Z,NaN,true,tc-08.DEMO%7C123.ch1,tc-08.DEMO|123.ch1
829,2026-05-18T15:07:09Z,NaN,true,tc-08.DEMO%7C123.ch1,tc-08.DEMO|123.ch1
830,2026-05-18T15:07:10Z,NaN,true,tc-08.DEMO%7C123.ch1,tc-08.DEMO|123.ch1
831,2026-05-18T15:07:11Z,NaN,true,tc-08.DEMO%7C123.ch1,tc-08.DEMO|123.ch1
832,2026-05-18T15:07:12Z,NaN,true,tc-08.DEMO%7C123.ch1,tc-08.DEMO|123.ch1
833,2026-05-18T15:07:13Z,NaN,true,tc-08.DEMO%7C123.ch1,tc-08.DEMO|123.ch1
834,2026-05-18T15:07:14Z,NaN,true,tc-08.DEMO%7C123.ch1,tc-08.DEMO|123.ch1
835,2026-05-18T15:07:15Z,NaN,true,tc-08.DEMO%7C123.ch1,tc-08.DEMO|123.ch1
836,2026-05-18T15:07:16Z,NaN,true,tc-08.DEMO%7C123.ch1,tc-08.DEMO|123.ch1
837,2026-05-18T15:07:17Z,NaN,true,tc-08.DEMO%7C123.ch1,tc-08.DEMO|123.ch1
838,2026-05-18T15:07:18Z,NaN,true,tc-08.DEMO%7C123.ch1,tc-08.DEMO|123.ch1
839,2026-05-18T15:07:19Z,NaN,true,tc-08.DEMO%7C123.ch1,tc-08.DEMO|123.ch1
840,2026-05-18T15:07:20Z,NaN,true,tc-08.DEMO%7C123.ch1,tc-08.DEMO|123.ch1
841,2026-05-18T15:07:21Z,NaN,true,tc-08.DEMO%7C123.ch1,tc-08.DEMO|123.ch1
842,2026-05-18T15:07:22Z,NaN,true,tc-08.DEMO%7C123.ch1,tc-08.DEMO|123.ch1
843,2026-05-18T15:07:23Z,NaN,true,tc-08.DEMO%7C123.ch1,tc-08.DEMO|123.ch1
844,2026-05-18T15:07:24Z,NaN,true,tc-08.DEMO%7C123.ch1,tc-08.DEMO|123.ch1
845,2026-05-18T15:07:25Z,NaN,true,tc-08.DEMO%7C123.ch1,tc-08.DEMO|123.ch1
846,2026-05-18T15:07:26Z,NaN,true,tc-08.DEMO%7C123.ch1,tc-08.DEMO|123.ch1
847,2026-05-18T15:07:27Z,NaN,true,tc-08.DEMO%7C123.ch1,tc-08.DEMO|123.ch1
848,2026-05-18T15:07:28Z,NaN,true,tc-08.DEMO%7C123.ch1,tc-08.DEMO|123.ch1
849,2026-05-18T15:07:29Z,NaN,true,tc-08.DEMO%7C123.ch1,tc-08.DEMO|123.ch1
850,2026-05-18T15:07:30Z,NaN,true,tc-08.DEMO%7C123.ch1,tc-08.DEMO|123.ch1
851,2026-05-18T15:07:31Z,NaN,true,tc-08.DEMO%7C123.ch1,tc-08.DEMO|123.ch1
852,2026-05-18T15:07:32Z,NaN,true,tc-08.DEMO%7C123.ch1,tc-08.DEMO|123.ch1
853,2026-05-18T15:07:33Z,NaN,true,tc-08.DEMO%7C123.ch1,tc-08.DEMO|123.ch1
854,2026-05-18T15:07:34Z,NaN,true,tc-08.DEMO%7C123.ch1,tc-08.DEMO|123.ch1
855,2026-05-18T15:07:35Z,NaN,true,tc-08.DEMO%7C123.ch1,tc-08.DEMO|123.ch1
856,2026-05-18T15:07:36Z,NaN,true,tc-08.DEMO%7C123.ch1,tc-08.DEMO|123.ch1
857,2026-05-18T15:07:37Z,NaN,true,tc-08.DEMO%7C123.ch1,tc-08.DEMO|123.ch1
858,2026-05-18T15:07:38Z,NaN,true,tc-08.DEMO%7C123.ch1,tc-08.DEMO|123.ch1
859,2026-05-18T15:07:39Z,NaN,true,tc-08.DEMO%7C123.ch1,tc-08.DEMO|123.ch1
860,2026-05-18T15:07:40Z,NaN,true,tc-08.DEMO%7C123.ch1,tc-08.DEMO|123.ch1
861,2026-05-18T15:07:41Z,NaN,true,tc-08.DEMO%7C123.ch1,tc-08.DEMO|123.ch1
862,2026-05-18T15:07:42Z,NaN,true,tc-08.DEMO%7C123.ch1,tc-08.DEMO|123.ch1
863,2026-05-18T15:07:43Z,NaN,true,tc-08.DEMO%7C123.ch1,tc-08.DEMO|123.ch1
864,2026-05-18T15:07:44Z,NaN,true,tc-08.DEMO%7C123.ch1,tc-08.DEMO|123.ch1
865,2026-05-18T15:07:45Z,NaN,true,tc-08.DEMO%7C123.ch1,tc-08.DEMO|123.ch1
866,2026-05-18T15:07:46Z,NaN,true,tc-08.DEMO%7C123.ch1,tc-08.DEMO|123.ch1
867,2026-05-18T15:07:47Z,NaN,true,tc-08.DEMO%7C123.ch1,tc-08.DEMO|123.ch1
868,2026-05-18T15:07:48Z,NaN,true,tc-08.DEMO%7C123.ch1,tc-08.DEMO|123.ch1
869,2026-05-18T15:07:49Z,NaN,true,tc-08.DEMO%7C123.ch1,tc-08.DEMO|123.ch1
870,2026-05-18T15:07:50Z,NaN,true,tc-08.DEMO%7C123.ch1,tc-08.DEMO|123.ch1
871,2026-05-18T15:07:51Z,NaN,true,tc-08.DEMO%7C123.ch1,tc-08.DEMO|123.ch1
872,2026-05-18T15:07:52Z,NaN,true,tc-08.DEMO%7C123.ch1,tc-08.DEMO|123.ch1
873,2026-05-18T15:07:53Z,NaN,true,tc-08.DEMO%7C123.ch1,tc-08.DEMO|123.ch1
874,2026-05-18T15:07:54Z,NaN,true,tc-08.DEMO%7C123.ch1,tc-08.DEMO|123.ch1
875,2026-05-18T15:07:55Z,NaN,true,tc-08.DEMO%7C123.ch1,tc-08.DEMO|123.ch1
876,2026-05-18T15:07:56Z,NaN,true,tc-08.DEMO%7C123.ch1,tc-08.DEMO|123.ch1
877,2026-05-18T15:07:57Z,NaN,true,tc-08.DEMO%7C123.ch1,tc-08.DEMO|123.ch1
878,2026-05-18T15:07:58Z,NaN,true,tc-08.DEMO%7C123.ch1,tc-08.DEMO|123.ch1
879,2026-05-18T15:07:59Z,NaN,true,tc-08.DEMO%7C123.ch1,tc-08.DEMO|123.ch1
880,2026-05-18T15:08:00Z,NaN,true,tc-08.DEMO%7C123.ch1,tc-08.DEMO|123.ch1
881,2026-05-18T15:08:01Z,NaN,true,tc-08.DEMO%7C123.ch1,tc-08.DEMO|123.ch1
882,2026-05-18T15:08:02Z,NaN,true,tc-08.DEMO%7C123.ch1,tc-08.DEMO|123.ch1
883,2026-05-18T15:08:03Z,NaN,true,tc-08.DEMO%7C123.ch1,tc-08.DEMO|123.ch1
884,2026-05-18T15:08:04Z,NaN,true,tc-08.DEMO%7C123.ch1,tc-08.DEMO|123.ch1
885,2026-05-18T15:08:05Z,NaN,true,tc-08.DEMO%7C123.ch1,tc-08.DEMO|123.ch1
886,2026-05-18T15:08:06Z,NaN,true,tc-08.DEMO%7C123.ch1,tc-08.DEMO|123.ch1
887,2026-05-18T15:08:07Z,NaN,true,tc-08.DEMO%7C123.ch1,tc-08.DEMO|123.ch1
888,2026-05-18T15:08:08Z,NaN,true,tc-08.DEMO%7C123.ch1,tc-08.DEMO|123.ch1
889,2026-05-18T15:08:09Z,NaN,true,tc-08.DEMO%7C123.ch1,tc-08.DEMO|123.ch1
890,2026-05-18T15:08:10Z,NaN,true,tc-08.DEMO%7C123.ch1,tc-08.DEMO|123.ch1
891,2026-05-18T15:08:11Z,NaN,true,tc-08.DEMO%7C123.ch1,tc-08.DEMO|123.ch1
892,2026-05-18T15:08:12Z,NaN,true,tc-08.DEMO%7C123.ch1,tc-08.DEMO|123.ch1
893,2026-05-18T15:08:13Z,NaN,true,tc-08.DEMO%7C123.ch1,tc-08.DEMO|123.ch1
894,2026-05-18T15:08:14Z,NaN,true,tc-08.DEMO%7C123.ch1,tc-08.DEMO|123.ch1
895,2026-05-18T15:08:15Z,NaN,true,tc-08.DEMO%7C123.ch1,tc-08.DEMO|123.ch1
896,2026-05-18T15:08:16Z,NaN,true,tc-08.DEMO%7C123.ch1,tc-08.DEMO|123.ch1
897,2026-05-18T15:08:17Z,NaN,true,tc-08.DEMO%7C123.ch1,tc-08.DEMO|123.ch1
898,2026-05-18T15:08:18Z,NaN,true,tc-08.DEMO%7C123.ch1,tc-08.DEMO|123.ch1
899,2026-05-18T15:08:19Z,NaN,true,tc-08.DEMO%7C123.ch1,tc-08.DEMO|123.ch1
900,2026-05-18T15:08:20Z,NaN,true,tc-08.DEMO%7C123.ch1,tc-08.DEMO|123.ch1
901,2026-05-18T15:08:21Z,NaN,true,tc-08.DEMO%7C123.ch1,tc-08.DEMO|123.ch1
902,2026-05-18T15:08:22Z,NaN,true,tc-08.DEMO%7C123.ch1,tc-08.DEMO|123.ch1
903,2026-05-18T15:08:23Z,NaN,true,tc-08.DEMO%7C123.ch1,tc-08.DEMO|123.ch1
904,2026-05-18T15:08:24Z,NaN,true,tc-08.DEMO%7C123.ch1,tc-08.DEMO|123.ch1
905,2026-05-18T15:08:25Z,NaN,true,tc-08.DEMO%7C123.ch1,tc-08.DEMO|123.ch1
906,2026-05-18T15:08:26Z,NaN,true,tc-08.DEMO%7C123.ch1,tc-08.DEMO|123.ch1
907,2026-05-18T15:08:27Z,NaN,true,tc-08.DEMO%7C123.ch1,tc-08.DEMO|123.ch1
908,2026-05-18T15:08:28Z,NaN,true,tc-08.DEMO%7C123.ch1,tc-08.DEMO|123.ch1
909,2026-05-18T15:08:29Z,NaN,true,tc-08.DEMO%7C123.ch1,tc-08.DEMO|123.ch1
910,2026-05-18T15:08:30Z,NaN,true,tc-08.DEMO%7C123.ch1,tc-08.DEMO|123.ch1
911,2026-05-18T15:08:31Z,NaN,true,tc-08.DEMO%7C123.ch1,tc-08.DEMO|123.ch1
912,2026-05-18T15:08:32Z,NaN,true,tc-08.DEMO%7C123.ch1,tc-08.DEMO|123.ch1
913,2026-05-18T15:08:33Z,NaN,true,tc-08.DEMO%7C123.ch1,tc-08.DEMO|123.ch1
914,2026-05-18T15:08:34Z,NaN,true,tc-08.DEMO%7C123.ch1,tc-08.DEMO|123.ch1
915,2026-05-18T15:08:35Z,NaN,true,tc-08.DEMO%7C123.ch1,tc-08.DEMO|123.ch1
916,2026-05-18T15:08:36Z,NaN,true,tc-08.DEMO%7C123.ch1,tc-08.DEMO|123.ch1
917,2026-05-18T15:08:37Z,NaN,true,tc-08.DEMO%7C123.ch1,tc-08.DEMO|123.ch1
918,2026-05-18T15:08:38Z,NaN,true,tc-08.DEMO%7C123.ch1,tc-08.DEMO|123.ch1
919,2026-05-18T15:08:39Z,NaN,true,tc-08.DEMO%7C123.ch1,tc-08.DEMO|123.ch1
920,2026-05-18T15:08:40Z,NaN,true,tc-08.DEMO%7C123.ch1,tc-08.DEMO|123.ch1
921,2026-05-18T15:08:41Z,NaN,true,tc-08.DEMO%7C123.ch1,tc-08.DEMO|123.ch1
922,2026-05-18T15:08:42Z,NaN,true,tc-08.DEMO%7C123.ch1,tc-08.DEMO|123.ch1
923,2026-05-18T15:08:43Z,NaN,true,tc-08.DEMO%7C123.ch1,tc-08.DEMO|123.ch1
924,2026-05-18T15:08:44Z,NaN,true,tc-08.DEMO%7C123.ch1,tc-08.DEMO|123.ch1
925,2026-05-18T15:08:45Z,NaN,true,tc-08.DEMO%7C123.ch1,tc-08.DEMO|123.ch1
926,2026-05-18T15:08:46Z,NaN,true,tc-08.DEMO%7C123.ch1,tc-08.DEMO|123.ch1
927,2026-05-18T15:08:47Z,NaN,true,tc-08.DEMO%7C123.ch1,tc-08.DEMO|123.ch1
928,2026-05-18T15:08:48Z,NaN,true,tc-08.DEMO%7C123.ch1,tc-08.DEMO|123.ch1
929,2026-05-18T15:08:49Z,NaN,true,tc-08.DEMO%7C123.ch1,tc-08.DEMO|123.ch1
930,2026-05-18T15:08:50Z,NaN,true,tc-08.DEMO%7C123.ch1,tc-08.DEMO|123.ch1
931,2026-05-18T15:08:51Z,NaN,true,tc-08.DEMO%7C123.ch1,tc-08.DEMO|123.ch1
932,2026-05-18T15:08:52Z,NaN,true,tc-08.DEMO%7C123.ch1,tc-08.DEMO|123.ch1
933,2026-05-18T15:08:53Z,NaN,true,tc-08.DEMO%7C123.ch1,tc-08.DEMO|123.ch1
934,2026-05-18T15:08:54Z,NaN,true,tc-08.DEMO%7C123.ch1,tc-08.DEMO|123.ch1
935,2026-05-18T15:08:55Z,NaN,true,tc-08.DEMO%7C123.ch1,tc-08.DEMO|123.ch1
936,2026-05-18T15:08:56Z,NaN,true,tc-08.DEMO%7C123.ch1,tc-08.DEMO|123.ch1
937,2026-05-18T15:08:57Z,NaN,true,tc-08.DEMO%7C123.ch1,tc-08.DEMO|123.ch1
938,2026-05-18T15:08:58Z,NaN,true,tc-08.DEMO%7C123.ch1,tc-08.DEMO|123.ch1
939,2026-05-18T15:08:59Z,NaN,true,tc-08.DEMO%7C123.ch1,tc-08.DEMO|123.ch1
940,2026-05-18T15:09:00Z,NaN,true,tc-08.DEMO%7C123.ch1,tc-08.DEMO|123.ch1
941,2026-05-18T15:09:01Z,NaN,true,tc-08.DEMO%7C123.ch1,tc-08.DEMO|123.ch1
942,2026-05-18T15:09:02Z,NaN,true,tc-08.DEMO%7C123.ch1,tc-08.DEMO|123.ch1
943,2026-05-18T15:09:03Z,NaN,true,tc-08.DEMO%7C123.ch1,tc-08.DEMO|123.ch1
944,2026-05-18T15:09:04Z,NaN,true,tc-08.DEMO%7C123.ch1,tc-08.DEMO|123.ch1
945,2026-05-18T15:09:05Z,NaN,true,tc-08.DEMO%7C123.ch1,tc-08.DEMO|123.ch1
946,2026-05-18T15:09:06Z,NaN,true,tc-08.DEMO%7C123.ch1,tc-08.DEMO|123.ch1
947,2026-05-18T15:09:07Z,NaN,true,tc-08.DEMO%7C123.ch1,tc-08.DEMO|123.ch1
948,2026-05-18T15:09:08Z,NaN,true,tc-08.DEMO%7C123.ch1,tc-08.DEMO|123.ch1
949,2026-05-18T15:09:09Z,NaN,true,tc-08.DEMO%7C123.ch1,tc-08.DEMO|123.ch1
950,2026-05-18T15:09:10Z,NaN,true,tc-08.DEMO%7C123.ch1,tc-08.DEMO|123.ch1
951,2026-05-18T15:09:11Z,NaN,true,tc-08.DEMO%7C123.ch1,tc-08.DEMO|123.ch1
952,2026-05-18T15:09:12Z,NaN,true,tc-08.DEMO%7C123.ch1,tc-08.DEMO|123.ch1
953,2026-05-18T15:09:13Z,NaN,true,tc-08.DEMO%7C123.ch1,tc-08.DEMO|123.ch1
954,2026-05-18T15:09:14Z,NaN,true,tc-08.DEMO%7C123.ch1,tc-08.DEMO|123.ch1
955,2026-05-18T15:09:15Z,NaN,true,tc-08.DEMO%7C123.ch1,tc-08.DEMO|123.ch1
956,2026-05-18T15:09:16Z,NaN,true,tc-08.DEMO%7C123.ch1,tc-08.DEMO|123.ch1
957,2026-05-18T15:09:17Z,NaN,true,tc-08.DEMO%7C123.ch1,tc-08.DEMO|123.ch1
958,2026-05-18T15:09:18Z,NaN,true,tc-08.DEMO%7C123.ch1,tc-08.DEMO|123.ch1
959,2026-05-18T15:09:19Z,NaN,true,tc-08.DEMO%7C123.ch1,tc-08.DEMO|123.ch1
960,2026-05-18T15:09:20Z,NaN,true,tc-08.DEMO%7C123.ch1,tc-08.DEMO|123.ch1
961,2026-05-18T15:09:21Z,NaN,true,tc-08.DEMO%7C123.ch1,tc-08.DEMO|123.ch1
962,2026-05-18T15:09:22Z,NaN,true,tc-08.DEMO%7C123.ch1,tc-08.DEMO|123.ch1
963,2026-05-18T15:09:23Z,NaN,true,tc-08.DEMO%7C123.ch1,tc-08.DEMO|123.ch1
964,2026-05-18T15:09:24Z,NaN,true,tc-08.DEMO%7C123.ch1,tc-08.DEMO|123.ch1
965,2026-05-18T15:09:25Z,NaN,true,tc-08.DEMO%7C123.ch1,tc-08.DEMO|123.ch1
966,2026-05-18T15:09:26Z,NaN,true,tc-08.DEMO%7C123.ch1,tc-08.DEMO|123.ch1
967,2026-05-18T15:09:27Z,NaN,true,tc-08.DEMO%7C123.ch1,tc-08.DEMO|123.ch1
968,2026-05-18T15:09:28Z,NaN,true,tc-08.DEMO%7C123.ch1,tc-08.DEMO|123.ch1
969,2026-05-18T15:09:29Z,NaN,true,tc-08.DEMO%7C123.ch1,tc-08.DEMO|123.ch1
970,2026-05-18T15:09:30Z,NaN,true,tc-08.DEMO%7C123.ch1,tc-08.DEMO|123.ch1
971,2026-05-18T15:09:31Z,NaN,true,tc-08.DEMO%7C123.ch1,tc-08.DEMO|123.ch1
972,2026-05-18T15:09:32Z,NaN,true,tc-08.DEMO%7C123.ch1,tc-08.DEMO|123.ch1
973,2026-05-18T15:09:33Z,NaN,true,tc-08.DEMO%7C123.ch1,tc-08.DEMO|123.ch1
974,2026-05-18T15:09:34Z,NaN,true,tc-08.DEMO%7C123.ch1,tc-08.DEMO|123.ch1
975,2026-05-18T15:09:35Z,NaN,true,tc-08.DEMO%7C123.ch1,tc-08.DEMO|123.ch1
976,2026-05-18T15:09:36Z,NaN,true,tc-08.DEMO%7C123.ch1,tc-08.DEMO|123.ch1
977,2026-05-18T15:09:37Z,NaN,true,tc-08.DEMO%7C123.ch1,tc-08.DEMO|123.ch1
978,2026-05-18T15:09:38Z,NaN,true,tc-08.DEMO%7C123.ch1,tc-08.DEMO|123.ch1
979,2026-05-18T15:09:39Z,NaN,true,tc-08.DEMO%7C123.ch1,tc-08.DEMO|123.ch1
980,2026-05-18T15:09:40Z,NaN,true,tc-08.DEMO%7C123.ch1,tc-08.DEMO|123.ch1
981,2026-05-18T15:09:41Z,NaN,true,tc-08.DEMO%7C123.ch1,tc-08.DEMO|123.ch1
982,2026-05-18T15:09:42Z,NaN,true,tc-08.DEMO%7C123.ch1,tc-08.DEMO|123.ch1
983,2026-05-18T15:09:43Z,NaN,true,tc-08.DEMO%7C123.ch1,tc-08.DEMO|123.ch1
984,2026-05-18T15:09:44Z,NaN,true,tc-08.DEMO%7C123.ch1,tc-08.DEMO|123.ch1
985,2026-05-18T15:09:45Z,NaN,true,tc-08.DEMO%7C123.ch1,tc-08.DEMO|123.ch1
986,2026-05-18T15:09:46Z,NaN,true,tc-08.DEMO%7C123.ch1,tc-08.DEMO|123.ch1
987,2026-05-18T15:09:47Z,NaN,true,tc-08.DEMO%7C123.ch1,tc-08.DEMO|123.ch1
988,2026-05-18T15:09:48Z,NaN,true,tc-08.DEMO%7C123.ch1,tc-08.DEMO|123.ch1
989,2026-05-18T15:09:49Z,NaN,true,tc-08.DEMO%7C123.ch1,tc-08.DEMO|123.ch1
990,2026-05-18T15:09:50Z,NaN,true,tc-08.DEMO%7C123.ch1,tc-08.DEMO|123.ch1
991,2026-05-18T15:09:51Z,NaN,true,tc-08.DEMO%7C123.ch1,tc-08.DEMO|123.ch1
992,2026-05-18T15:09:52Z,NaN,true,tc-08.DEMO%7C123.ch1,tc-08.DEMO|123.ch1
993,2026-05-18T15:09:53Z,NaN,true,tc-08.DEMO%7C123.ch1,tc-08.DEMO|123.ch1
994,2026-05-18T15:09:54Z,NaN,true,tc-08.DEMO%7C123.ch1,tc-08.DEMO|123.ch1
995,2026-05-18T15:09:55Z,NaN,true,tc-08.DEMO%7C123.ch1,tc-08.DEMO|123.ch1
996,2026-05-18T15:09:56Z,NaN,true,tc-08.DEMO%7C123.ch1,tc-08.DEMO|123.ch1
997,2026-05-18T15:09:57Z,NaN,true,tc-08.DEMO%7C123.ch1,tc-08.DEMO|123.ch1
998,2026-05-18T15:09:58Z,NaN,true,tc-08.DEMO%7C123.ch1,tc-08.DEMO|123.ch1
999,2026-05-18T15:09:59Z,NaN,true,tc-08.DEMO%7C123.ch1,tc-08.DEMO|123.ch1
